file,line,type,commit,author,date,time,timezone,datetime,depth,length
style.css,1,css,6741edfb,KevinMyo,2025-01-17,16:10:53,-08:00,2025-01-17T16:10:53-08:00,0,6
style.css,2,css,6741edfb,KevinMyo,2025-01-17,16:10:53,-08:00,2025-01-17T16:10:53-08:00,0,32
style.css,3,css,6741edfb,KevinMyo,2025-01-17,16:10:53,-08:00,2025-01-17T16:10:53-08:00,0,0
style.css,4,css,696e4d7a,KevinMyo,2025-01-23,17:52:26,-08:00,2025-01-23T17:52:26-08:00,0,6
style.css,5,css,696e4d7a,KevinMyo,2025-01-23,17:52:26,-08:00,2025-01-23T17:52:26-08:00,0,24
style.css,6,css,696e4d7a,KevinMyo,2025-01-23,17:52:26,-08:00,2025-01-23T17:52:26-08:00,0,0
style.css,7,css,6741edfb,KevinMyo,2025-01-17,16:10:53,-08:00,2025-01-17T16:10:53-08:00,0,5
style.css,8,css,6741edfb,KevinMyo,2025-01-17,16:10:53,-08:00,2025-01-17T16:10:53-08:00,0,33
style.css,9,css,6741edfb,KevinMyo,2025-01-17,16:10:53,-08:00,2025-01-17T16:10:53-08:00,0,0
style.css,10,css,2a59917a,KevinMyo,2025-01-17,18:44:12,-08:00,2025-01-17T18:44:12-08:00,0,0
style.css,11,css,50023acb,KevinMyo,2025-01-17,14:50:38,-08:00,2025-01-17T14:50:38-08:00,0,5
style.css,12,css,50023acb,KevinMyo,2025-01-17,14:50:38,-08:00,2025-01-17T14:50:38-08:00,0,24
style.css,13,css,50023acb,KevinMyo,2025-01-17,14:50:38,-08:00,2025-01-17T14:50:38-08:00,0,16
style.css,14,css,50023acb,KevinMyo,2025-01-17,14:50:38,-08:00,2025-01-17T14:50:38-08:00,0,19
style.css,15,css,50023acb,KevinMyo,2025-01-17,14:50:38,-08:00,2025-01-17T14:50:38-08:00,0,12
style.css,16,css,6741edfb,KevinMyo,2025-01-17,16:10:53,-08:00,2025-01-17T16:10:53-08:00,0,0
style.css,17,css,6741edfb,KevinMyo,2025-01-17,16:10:53,-08:00,2025-01-17T16:10:53-08:00,0,4
style.css,18,css,6741edfb,KevinMyo,2025-01-17,16:10:53,-08:00,2025-01-17T16:10:53-08:00,0,13
style.css,19,css,6741edfb,KevinMyo,2025-01-17,16:10:53,-08:00,2025-01-17T16:10:53-08:00,0,29
style.css,20,css,6741edfb,KevinMyo,2025-01-17,16:10:53,-08:00,2025-01-17T16:10:53-08:00,0,19
style.css,21,css,6741edfb,KevinMyo,2025-01-17,16:10:53,-08:00,2025-01-17T16:10:53-08:00,0,18
style.css,22,css,6741edfb,KevinMyo,2025-01-17,16:10:53,-08:00,2025-01-17T16:10:53-08:00,0,42
style.css,23,css,6741edfb,KevinMyo,2025-01-17,16:10:53,-08:00,2025-01-17T16:10:53-08:00,0,0
style.css,24,css,f1cb6d11,KevinMyo,2025-01-17,16:16:06,-08:00,2025-01-17T16:16:06-08:00,0,7
style.css,25,css,f1cb6d11,KevinMyo,2025-01-17,16:16:06,-08:00,2025-01-17T16:16:06-08:00,0,16
style.css,26,css,f1cb6d11,KevinMyo,2025-01-17,16:16:06,-08:00,2025-01-17T16:16:06-08:00,0,9
style.css,27,css,f1cb6d11,KevinMyo,2025-01-17,16:16:06,-08:00,2025-01-17T16:16:06-08:00,0,10
style.css,28,css,f1cb6d11,KevinMyo,2025-01-17,16:16:06,-08:00,2025-01-17T16:16:06-08:00,0,17
style.css,29,css,f1cb6d11,KevinMyo,2025-01-17,16:16:06,-08:00,2025-01-17T16:16:06-08:00,0,0
style.css,30,css,6741edfb,KevinMyo,2025-01-17,16:10:53,-08:00,2025-01-17T16:10:53-08:00,0,10
style.css,31,css,6741edfb,KevinMyo,2025-01-17,16:10:53,-08:00,2025-01-17T16:10:53-08:00,0,17
style.css,32,css,6741edfb,KevinMyo,2025-01-17,16:10:53,-08:00,2025-01-17T16:10:53-08:00,0,0
style.css,33,css,0e928fc9,KevinMyo,2025-01-17,15:17:56,-08:00,2025-01-17T15:17:56-08:00,0,0
style.css,34,css,6741edfb,KevinMyo,2025-01-17,16:10:53,-08:00,2025-01-17T16:10:53-08:00,0,6
style.css,35,css,6741edfb,KevinMyo,2025-01-17,16:10:53,-08:00,2025-01-17T16:10:53-08:00,0,7
style.css,36,css,6741edfb,KevinMyo,2025-01-17,16:10:53,-08:00,2025-01-17T16:10:53-08:00,0,18
style.css,37,css,6741edfb,KevinMyo,2025-01-17,16:10:53,-08:00,2025-01-17T16:10:53-08:00,0,14
style.css,38,css,6741edfb,KevinMyo,2025-01-17,16:10:53,-08:00,2025-01-17T16:10:53-08:00,0,21
style.css,39,css,6741edfb,KevinMyo,2025-01-17,16:10:53,-08:00,2025-01-17T16:10:53-08:00,0,14
style.css,40,css,f1cb6d11,KevinMyo,2025-01-17,16:16:06,-08:00,2025-01-17T16:16:06-08:00,0,0
style.css,41,css,0e68bc1e,KevinMyo,2025-01-17,15:35:23,-08:00,2025-01-17T15:35:23-08:00,0,0
style.css,42,css,6741edfb,KevinMyo,2025-01-17,16:10:53,-08:00,2025-01-17T16:10:53-08:00,0,12
style.css,43,css,6741edfb,KevinMyo,2025-01-17,16:10:53,-08:00,2025-01-17T16:10:53-08:00,0,46
style.css,44,css,6741edfb,KevinMyo,2025-01-17,16:10:53,-08:00,2025-01-17T16:10:53-08:00,0,58
style.css,45,css,6741edfb,KevinMyo,2025-01-17,16:10:53,-08:00,2025-01-17T16:10:53-08:00,0,0
style.css,46,css,0e68bc1e,KevinMyo,2025-01-17,15:35:23,-08:00,2025-01-17T15:35:23-08:00,0,0
style.css,47,css,6741edfb,KevinMyo,2025-01-17,16:10:53,-08:00,2025-01-17T16:10:53-08:00,0,9
style.css,48,css,6741edfb,KevinMyo,2025-01-17,16:10:53,-08:00,2025-01-17T16:10:53-08:00,0,44
style.css,49,css,6741edfb,KevinMyo,2025-01-17,16:10:53,-08:00,2025-01-17T16:10:53-08:00,0,21
style.css,50,css,f1cb6d11,KevinMyo,2025-01-17,16:16:06,-08:00,2025-01-17T16:16:06-08:00,0,17
style.css,51,css,6741edfb,KevinMyo,2025-01-17,16:10:53,-08:00,2025-01-17T16:10:53-08:00,0,0
style.css,52,css,f613ec35,KevinMyo,2025-01-17,17:09:31,-08:00,2025-01-17T17:09:31-08:00,0,5
style.css,53,css,f613ec35,KevinMyo,2025-01-17,17:09:31,-08:00,2025-01-17T17:09:31-08:00,0,13
style.css,54,css,f613ec35,KevinMyo,2025-01-17,17:09:31,-08:00,2025-01-17T17:09:31-08:00,0,31
style.css,55,css,f613ec35,KevinMyo,2025-01-17,17:09:31,-08:00,2025-01-17T17:09:31-08:00,0,8
style.css,56,css,f613ec35,KevinMyo,2025-01-17,17:09:31,-08:00,2025-01-17T17:09:31-08:00,0,15
style.css,57,css,f613ec35,KevinMyo,2025-01-17,17:09:31,-08:00,2025-01-17T17:09:31-08:00,0,0
style.css,58,css,f613ec35,KevinMyo,2025-01-17,17:09:31,-08:00,2025-01-17T17:09:31-08:00,0,0
style.css,59,css,f613ec35,KevinMyo,2025-01-17,17:09:31,-08:00,2025-01-17T17:09:31-08:00,0,6
style.css,60,css,f613ec35,KevinMyo,2025-01-17,17:09:31,-08:00,2025-01-17T17:09:31-08:00,0,18
style.css,61,css,f613ec35,KevinMyo,2025-01-17,17:09:31,-08:00,2025-01-17T17:09:31-08:00,0,18
style.css,62,css,f613ec35,KevinMyo,2025-01-17,17:09:31,-08:00,2025-01-17T17:09:31-08:00,0,0
style.css,63,css,f613ec35,KevinMyo,2025-01-17,17:09:31,-08:00,2025-01-17T17:09:31-08:00,0,0
style.css,64,css,f613ec35,KevinMyo,2025-01-17,17:09:31,-08:00,2025-01-17T17:09:31-08:00,0,5
style.css,65,css,f613ec35,KevinMyo,2025-01-17,17:09:31,-08:00,2025-01-17T17:09:31-08:00,0,9
style.css,66,css,f613ec35,KevinMyo,2025-01-17,17:09:31,-08:00,2025-01-17T17:09:31-08:00,0,18
style.css,67,css,f613ec35,KevinMyo,2025-01-17,17:09:31,-08:00,2025-01-17T17:09:31-08:00,0,11
style.css,68,css,f613ec35,KevinMyo,2025-01-17,17:09:31,-08:00,2025-01-17T17:09:31-08:00,0,14
style.css,69,css,f613ec35,KevinMyo,2025-01-17,17:09:31,-08:00,2025-01-17T17:09:31-08:00,0,13
style.css,70,css,f613ec35,KevinMyo,2025-01-17,17:09:31,-08:00,2025-01-17T17:09:31-08:00,0,22
style.css,71,css,f613ec35,KevinMyo,2025-01-17,17:09:31,-08:00,2025-01-17T17:09:31-08:00,0,22
style.css,72,css,f613ec35,KevinMyo,2025-01-17,17:09:31,-08:00,2025-01-17T17:09:31-08:00,0,18
style.css,73,css,f613ec35,KevinMyo,2025-01-17,17:09:31,-08:00,2025-01-17T17:09:31-08:00,0,0
style.css,74,css,f613ec35,KevinMyo,2025-01-17,17:09:31,-08:00,2025-01-17T17:09:31-08:00,0,0
style.css,75,css,f613ec35,KevinMyo,2025-01-17,17:09:31,-08:00,2025-01-17T17:09:31-08:00,0,7
style.css,76,css,f613ec35,KevinMyo,2025-01-17,17:09:31,-08:00,2025-01-17T17:09:31-08:00,0,19
style.css,77,css,f613ec35,KevinMyo,2025-01-17,17:09:31,-08:00,2025-01-17T17:09:31-08:00,0,19
style.css,78,css,f613ec35,KevinMyo,2025-01-17,17:09:31,-08:00,2025-01-17T17:09:31-08:00,0,13
style.css,79,css,f613ec35,KevinMyo,2025-01-17,17:09:31,-08:00,2025-01-17T17:09:31-08:00,0,46
style.css,80,css,f613ec35,KevinMyo,2025-01-17,17:09:31,-08:00,2025-01-17T17:09:31-08:00,0,12
style.css,81,css,f613ec35,KevinMyo,2025-01-17,17:09:31,-08:00,2025-01-17T17:09:31-08:00,0,12
style.css,82,css,f613ec35,KevinMyo,2025-01-17,17:09:31,-08:00,2025-01-17T17:09:31-08:00,0,18
style.css,83,css,f613ec35,KevinMyo,2025-01-17,17:09:31,-08:00,2025-01-17T17:09:31-08:00,0,15
style.css,84,css,f613ec35,KevinMyo,2025-01-17,17:09:31,-08:00,2025-01-17T17:09:31-08:00,0,0
style.css,85,css,f613ec35,KevinMyo,2025-01-17,17:09:31,-08:00,2025-01-17T17:09:31-08:00,0,0
style.css,86,css,f613ec35,KevinMyo,2025-01-17,17:09:31,-08:00,2025-01-17T17:09:31-08:00,0,13
style.css,87,css,f613ec35,KevinMyo,2025-01-17,17:09:31,-08:00,2025-01-17T17:09:31-08:00,0,25
style.css,88,css,f613ec35,KevinMyo,2025-01-17,17:09:31,-08:00,2025-01-17T17:09:31-08:00,0,0
style.css,89,css,0e928fc9,KevinMyo,2025-01-17,15:17:56,-08:00,2025-01-17T15:17:56-08:00,0,0
style.css,90,css,2a59917a,KevinMyo,2025-01-17,18:44:12,-08:00,2025-01-17T18:44:12-08:00,0,10
style.css,91,css,7ad9faee,KevinMyo,2025-01-23,15:16:53,-08:00,2025-01-23T15:16:53-08:00,0,13
style.css,92,css,7ad9faee,KevinMyo,2025-01-23,15:16:53,-08:00,2025-01-23T15:16:53-08:00,0,59
style.css,93,css,7ad9faee,KevinMyo,2025-01-23,15:16:53,-08:00,2025-01-23T15:16:53-08:00,0,8
style.css,94,css,7ad9faee,KevinMyo,2025-01-23,15:16:53,-08:00,2025-01-23T15:16:53-08:00,0,15
style.css,95,css,7ad9faee,KevinMyo,2025-01-23,15:16:53,-08:00,2025-01-23T15:16:53-08:00,0,18
style.css,96,css,2a59917a,KevinMyo,2025-01-17,18:44:12,-08:00,2025-01-17T18:44:12-08:00,0,0
style.css,97,css,7ad9faee,KevinMyo,2025-01-23,15:16:53,-08:00,2025-01-23T15:16:53-08:00,0,0
style.css,98,css,2a59917a,KevinMyo,2025-01-17,18:44:12,-08:00,2025-01-17T18:44:12-08:00,0,18
style.css,99,css,7ad9faee,KevinMyo,2025-01-23,15:16:53,-08:00,2025-01-23T15:16:53-08:00,0,13
style.css,100,css,7ad9faee,KevinMyo,2025-01-23,15:16:53,-08:00,2025-01-23T15:16:53-08:00,0,27
style.css,101,css,7ad9faee,KevinMyo,2025-01-23,15:16:53,-08:00,2025-01-23T15:16:53-08:00,0,16
style.css,102,css,7ad9faee,KevinMyo,2025-01-23,15:16:53,-08:00,2025-01-23T15:16:53-08:00,0,25
style.css,103,css,7ad9faee,KevinMyo,2025-01-23,15:16:53,-08:00,2025-01-23T15:16:53-08:00,0,22
style.css,104,css,7ad9faee,KevinMyo,2025-01-23,15:16:53,-08:00,2025-01-23T15:16:53-08:00,0,18
style.css,105,css,7ad9faee,KevinMyo,2025-01-23,15:16:53,-08:00,2025-01-23T15:16:53-08:00,0,12
style.css,106,css,7ad9faee,KevinMyo,2025-01-23,15:16:53,-08:00,2025-01-23T15:16:53-08:00,0,40
style.css,107,css,2a59917a,KevinMyo,2025-01-17,18:44:12,-08:00,2025-01-17T18:44:12-08:00,0,0
style.css,108,css,7ad9faee,KevinMyo,2025-01-23,15:16:53,-08:00,2025-01-23T15:16:53-08:00,0,0
style.css,109,css,2a59917a,KevinMyo,2025-01-17,18:44:12,-08:00,2025-01-17T18:44:12-08:00,0,13
style.css,110,css,7ad9faee,KevinMyo,2025-01-23,15:16:53,-08:00,2025-01-23T15:16:53-08:00,0,9
style.css,111,css,7ad9faee,KevinMyo,2025-01-23,15:16:53,-08:00,2025-01-23T15:16:53-08:00,0,17
style.css,112,css,7ad9faee,KevinMyo,2025-01-23,15:16:53,-08:00,2025-01-23T15:16:53-08:00,0,16
style.css,113,css,2a59917a,KevinMyo,2025-01-17,18:44:12,-08:00,2025-01-17T18:44:12-08:00,0,0
style.css,114,css,2a59917a,KevinMyo,2025-01-17,18:44:12,-08:00,2025-01-17T18:44:12-08:00,0,0
style.css,115,css,2a59917a,KevinMyo,2025-01-17,18:44:12,-08:00,2025-01-17T18:44:12-08:00,0,14
style.css,116,css,7ad9faee,KevinMyo,2025-01-23,15:16:53,-08:00,2025-01-23T15:16:53-08:00,0,15
style.css,117,css,7ad9faee,KevinMyo,2025-01-23,15:16:53,-08:00,2025-01-23T15:16:53-08:00,0,12
style.css,118,css,2a59917a,KevinMyo,2025-01-17,18:44:12,-08:00,2025-01-17T18:44:12-08:00,0,17
style.css,119,css,2a59917a,KevinMyo,2025-01-17,18:44:12,-08:00,2025-01-17T18:44:12-08:00,0,0
style.css,120,css,7ad9faee,KevinMyo,2025-01-23,15:16:53,-08:00,2025-01-23T15:16:53-08:00,0,0
style.css,121,css,2a59917a,KevinMyo,2025-01-17,18:44:12,-08:00,2025-01-17T18:44:12-08:00,0,12
style.css,122,css,7ad9faee,KevinMyo,2025-01-23,15:16:53,-08:00,2025-01-23T15:16:53-08:00,0,17
style.css,123,css,7ad9faee,KevinMyo,2025-01-23,15:16:53,-08:00,2025-01-23T15:16:53-08:00,0,16
style.css,124,css,2a59917a,KevinMyo,2025-01-17,18:44:12,-08:00,2025-01-17T18:44:12-08:00,0,0
style.css,125,css,2a59917a,KevinMyo,2025-01-17,18:44:12,-08:00,2025-01-17T18:44:12-08:00,0,0
style.css,126,css,2a59917a,KevinMyo,2025-01-17,18:44:12,-08:00,2025-01-17T18:44:12-08:00,0,18
style.css,127,css,2a59917a,KevinMyo,2025-01-17,18:44:12,-08:00,2025-01-17T18:44:12-08:00,0,13
style.css,128,css,2a59917a,KevinMyo,2025-01-17,18:44:12,-08:00,2025-01-17T18:44:12-08:00,0,27
style.css,129,css,2a59917a,KevinMyo,2025-01-17,18:44:12,-08:00,2025-01-17T18:44:12-08:00,0,16
style.css,130,css,2a59917a,KevinMyo,2025-01-17,18:44:12,-08:00,2025-01-17T18:44:12-08:00,0,0
style.css,131,css,2a59917a,KevinMyo,2025-01-17,18:44:12,-08:00,2025-01-17T18:44:12-08:00,0,0
style.css,132,css,2a59917a,KevinMyo,2025-01-17,18:44:12,-08:00,2025-01-17T18:44:12-08:00,0,23
style.css,133,css,7ad9faee,KevinMyo,2025-01-23,15:16:53,-08:00,2025-01-23T15:16:53-08:00,0,16
style.css,134,css,7ad9faee,KevinMyo,2025-01-23,15:16:53,-08:00,2025-01-23T15:16:53-08:00,0,18
style.css,135,css,2a59917a,KevinMyo,2025-01-17,18:44:12,-08:00,2025-01-17T18:44:12-08:00,0,0
style.css,136,css,2a59917a,KevinMyo,2025-01-17,18:44:12,-08:00,2025-01-17T18:44:12-08:00,0,0
style.css,137,css,2a59917a,KevinMyo,2025-01-17,18:44:12,-08:00,2025-01-17T18:44:12-08:00,0,3
style.css,138,css,7ad9faee,KevinMyo,2025-01-23,15:16:53,-08:00,2025-01-23T15:16:53-08:00,0,14
style.css,139,css,7ad9faee,KevinMyo,2025-01-23,15:16:53,-08:00,2025-01-23T15:16:53-08:00,0,20
style.css,140,css,2a59917a,KevinMyo,2025-01-17,18:44:12,-08:00,2025-01-17T18:44:12-08:00,0,0
style.css,141,css,2a59917a,KevinMyo,2025-01-17,18:44:12,-08:00,2025-01-17T18:44:12-08:00,0,0
style.css,142,css,2a59917a,KevinMyo,2025-01-17,18:44:12,-08:00,2025-01-17T18:44:12-08:00,0,3
style.css,143,css,7ad9faee,KevinMyo,2025-01-23,15:16:53,-08:00,2025-01-23T15:16:53-08:00,0,16
style.css,144,css,2a59917a,KevinMyo,2025-01-17,18:44:12,-08:00,2025-01-17T18:44:12-08:00,0,0
style.css,145,css,696e4d7a,KevinMyo,2025-01-23,17:52:26,-08:00,2025-01-23T17:52:26-08:00,0,4
style.css,146,css,696e4d7a,KevinMyo,2025-01-23,17:52:26,-08:00,2025-01-23T17:52:26-08:00,0,40
style.css,147,css,696e4d7a,KevinMyo,2025-01-23,17:52:26,-08:00,2025-01-23T17:52:26-08:00,0,40
style.css,148,css,696e4d7a,KevinMyo,2025-01-23,17:52:26,-08:00,2025-01-23T17:52:26-08:00,0,0
style.css,149,css,696e4d7a,KevinMyo,2025-01-23,17:52:26,-08:00,2025-01-23T17:52:26-08:00,0,12
style.css,150,css,696e4d7a,KevinMyo,2025-01-23,17:52:26,-08:00,2025-01-23T17:52:26-08:00,0,70
style.css,151,css,696e4d7a,KevinMyo,2025-01-23,17:52:26,-08:00,2025-01-23T17:52:26-08:00,0,0
style.css,152,css,696e4d7a,KevinMyo,2025-01-23,17:52:26,-08:00,2025-01-23T17:52:26-08:00,0,14
style.css,153,css,696e4d7a,KevinMyo,2025-01-23,17:52:26,-08:00,2025-01-23T17:52:26-08:00,0,18
style.css,154,css,696e4d7a,KevinMyo,2025-01-23,17:52:26,-08:00,2025-01-23T17:52:26-08:00,0,9
style.css,155,css,696e4d7a,KevinMyo,2025-01-23,17:52:26,-08:00,2025-01-23T17:52:26-08:00,0,11
style.css,156,css,696e4d7a,KevinMyo,2025-01-23,17:52:26,-08:00,2025-01-23T17:52:26-08:00,0,14
style.css,157,css,696e4d7a,KevinMyo,2025-01-23,17:52:26,-08:00,2025-01-23T17:52:26-08:00,0,20
style.css,158,css,696e4d7a,KevinMyo,2025-01-23,17:52:26,-08:00,2025-01-23T17:52:26-08:00,0,0
style.css,159,css,2a59917a,KevinMyo,2025-01-17,18:44:12,-08:00,2025-01-17T18:44:12-08:00,0,0
style.css,160,css,f2d1eb42,KevinMyo,2025-02-07,14:27:16,-08:00,2025-02-07T14:27:16-08:00,0,10
style.css,161,css,f2d1eb42,KevinMyo,2025-02-07,14:27:16,-08:00,2025-02-07T14:27:16-08:00,0,13
style.css,162,css,f2d1eb42,KevinMyo,2025-02-07,14:27:16,-08:00,2025-02-07T14:27:16-08:00,0,60
style.css,163,css,f2d1eb42,KevinMyo,2025-02-07,14:27:16,-08:00,2025-02-07T14:27:16-08:00,0,9
style.css,164,css,f2d1eb42,KevinMyo,2025-02-07,14:27:16,-08:00,2025-02-07T14:27:16-08:00,0,13
style.css,165,css,f2d1eb42,KevinMyo,2025-02-07,14:27:16,-08:00,2025-02-07T14:27:16-08:00,0,0
style.css,166,css,f2d1eb42,KevinMyo,2025-02-07,14:27:16,-08:00,2025-02-07T14:27:16-08:00,0,0
style.css,167,css,f2d1eb42,KevinMyo,2025-02-07,14:27:16,-08:00,2025-02-07T14:27:16-08:00,0,17
style.css,168,css,f2d1eb42,KevinMyo,2025-02-07,14:27:16,-08:00,2025-02-07T14:27:16-08:00,0,13
style.css,169,css,f2d1eb42,KevinMyo,2025-02-07,14:27:16,-08:00,2025-02-07T14:27:16-08:00,0,22
style.css,170,css,f2d1eb42,KevinMyo,2025-02-07,14:27:16,-08:00,2025-02-07T14:27:16-08:00,0,8
style.css,171,css,f2d1eb42,KevinMyo,2025-02-07,14:27:16,-08:00,2025-02-07T14:27:16-08:00,0,0
style.css,172,css,f2d1eb42,KevinMyo,2025-02-07,14:27:16,-08:00,2025-02-07T14:27:16-08:00,0,0
style.css,173,css,f2d1eb42,KevinMyo,2025-02-07,14:27:16,-08:00,2025-02-07T14:27:16-08:00,0,14
style.css,174,css,f2d1eb42,KevinMyo,2025-02-07,14:27:16,-08:00,2025-02-07T14:27:16-08:00,0,31
style.css,175,css,f2d1eb42,KevinMyo,2025-02-07,14:27:16,-08:00,2025-02-07T14:27:16-08:00,0,15
style.css,176,css,f2d1eb42,KevinMyo,2025-02-07,14:27:16,-08:00,2025-02-07T14:27:16-08:00,0,11
style.css,177,css,f2d1eb42,KevinMyo,2025-02-07,14:27:16,-08:00,2025-02-07T14:27:16-08:00,0,35
style.css,178,css,f2d1eb42,KevinMyo,2025-02-07,14:27:16,-08:00,2025-02-07T14:27:16-08:00,0,0
style.css,179,css,f2d1eb42,KevinMyo,2025-02-07,14:27:16,-08:00,2025-02-07T14:27:16-08:00,0,0
style.css,180,css,f2d1eb42,KevinMyo,2025-02-07,14:27:16,-08:00,2025-02-07T14:27:16-08:00,0,17
style.css,181,css,f2d1eb42,KevinMyo,2025-02-07,14:27:16,-08:00,2025-02-07T14:27:16-08:00,0,13
style.css,182,css,f2d1eb42,KevinMyo,2025-02-07,14:27:16,-08:00,2025-02-07T14:27:16-08:00,0,19
style.css,183,css,f2d1eb42,KevinMyo,2025-02-07,14:27:16,-08:00,2025-02-07T14:27:16-08:00,0,15
style.css,184,css,f2d1eb42,KevinMyo,2025-02-07,14:27:16,-08:00,2025-02-07T14:27:16-08:00,0,23
style.css,185,css,f2d1eb42,KevinMyo,2025-02-07,14:27:16,-08:00,2025-02-07T14:27:16-08:00,0,13
style.css,186,css,f2d1eb42,KevinMyo,2025-02-07,14:27:16,-08:00,2025-02-07T14:27:16-08:00,0,0
style.css,187,css,f2d1eb42,KevinMyo,2025-02-07,14:27:16,-08:00,2025-02-07T14:27:16-08:00,0,0
style.css,188,css,f2d1eb42,KevinMyo,2025-02-07,14:27:16,-08:00,2025-02-07T14:27:16-08:00,0,18
style.css,189,css,f2d1eb42,KevinMyo,2025-02-07,14:27:16,-08:00,2025-02-07T14:27:16-08:00,0,15
style.css,190,css,f2d1eb42,KevinMyo,2025-02-07,14:27:16,-08:00,2025-02-07T14:27:16-08:00,0,17
style.css,191,css,f2d1eb42,KevinMyo,2025-02-07,14:27:16,-08:00,2025-02-07T14:27:16-08:00,0,14
style.css,192,css,f2d1eb42,KevinMyo,2025-02-07,14:27:16,-08:00,2025-02-07T14:27:16-08:00,0,17
style.css,193,css,f2d1eb42,KevinMyo,2025-02-07,14:27:16,-08:00,2025-02-07T14:27:16-08:00,0,0
style.css,194,css,f2d1eb42,KevinMyo,2025-02-07,14:27:16,-08:00,2025-02-07T14:27:16-08:00,0,0
style.css,195,css,f2d1eb42,KevinMyo,2025-02-07,14:27:16,-08:00,2025-02-07T14:27:16-08:00,0,8
style.css,196,css,f2d1eb42,KevinMyo,2025-02-07,14:27:16,-08:00,2025-02-07T14:27:16-08:00,0,13
style.css,197,css,f2d1eb42,KevinMyo,2025-02-07,14:27:16,-08:00,2025-02-07T14:27:16-08:00,0,58
style.css,198,css,f2d1eb42,KevinMyo,2025-02-07,14:27:16,-08:00,2025-02-07T14:27:16-08:00,0,13
style.css,199,css,f2d1eb42,KevinMyo,2025-02-07,14:27:16,-08:00,2025-02-07T14:27:16-08:00,0,22
style.css,200,css,f2d1eb42,KevinMyo,2025-02-07,14:27:16,-08:00,2025-02-07T14:27:16-08:00,0,18
style.css,201,css,f2d1eb42,KevinMyo,2025-02-07,14:27:16,-08:00,2025-02-07T14:27:16-08:00,0,16
style.css,202,css,f2d1eb42,KevinMyo,2025-02-07,14:27:16,-08:00,2025-02-07T14:27:16-08:00,0,0
style.css,203,css,f2d1eb42,KevinMyo,2025-02-07,14:27:16,-08:00,2025-02-07T14:27:16-08:00,0,0
style.css,204,css,f2d1eb42,KevinMyo,2025-02-07,14:27:16,-08:00,2025-02-07T14:27:16-08:00,0,11
style.css,205,css,f2d1eb42,KevinMyo,2025-02-07,14:27:16,-08:00,2025-02-07T14:27:16-08:00,0,13
style.css,206,css,f2d1eb42,KevinMyo,2025-02-07,14:27:16,-08:00,2025-02-07T14:27:16-08:00,0,19
style.css,207,css,f2d1eb42,KevinMyo,2025-02-07,14:27:16,-08:00,2025-02-07T14:27:16-08:00,0,9
style.css,208,css,f2d1eb42,KevinMyo,2025-02-07,14:27:16,-08:00,2025-02-07T14:27:16-08:00,0,0
style.css,209,css,f2d1eb42,KevinMyo,2025-02-07,14:27:16,-08:00,2025-02-07T14:27:16-08:00,0,0
style.css,210,css,f2d1eb42,KevinMyo,2025-02-07,14:27:16,-08:00,2025-02-07T14:27:16-08:00,0,16
style.css,211,css,f2d1eb42,KevinMyo,2025-02-07,14:27:16,-08:00,2025-02-07T14:27:16-08:00,0,11
style.css,212,css,f2d1eb42,KevinMyo,2025-02-07,14:27:16,-08:00,2025-02-07T14:27:16-08:00,0,12
style.css,213,css,f2d1eb42,KevinMyo,2025-02-07,14:27:16,-08:00,2025-02-07T14:27:16-08:00,0,21
style.css,214,css,f2d1eb42,KevinMyo,2025-02-07,14:27:16,-08:00,2025-02-07T14:27:16-08:00,0,30
style.css,215,css,f2d1eb42,KevinMyo,2025-02-07,14:27:16,-08:00,2025-02-07T14:27:16-08:00,0,18
style.css,216,css,f2d1eb42,KevinMyo,2025-02-07,14:27:16,-08:00,2025-02-07T14:27:16-08:00,0,0
style.css,217,css,f2d1eb42,KevinMyo,2025-02-07,14:27:16,-08:00,2025-02-07T14:27:16-08:00,0,0
style.css,218,css,f2d1eb42,KevinMyo,2025-02-07,14:27:16,-08:00,2025-02-07T14:27:16-08:00,0,11
style.css,219,css,f2d1eb42,KevinMyo,2025-02-07,14:27:16,-08:00,2025-02-07T14:27:16-08:00,0,14
style.css,220,css,f2d1eb42,KevinMyo,2025-02-07,14:27:16,-08:00,2025-02-07T14:27:16-08:00,0,11
style.css,221,css,f2d1eb42,KevinMyo,2025-02-07,14:27:16,-08:00,2025-02-07T14:27:16-08:00,0,16
style.css,222,css,f2d1eb42,KevinMyo,2025-02-07,14:27:16,-08:00,2025-02-07T14:27:16-08:00,0,17
style.css,223,css,f2d1eb42,KevinMyo,2025-02-07,14:27:16,-08:00,2025-02-07T14:27:16-08:00,0,13
style.css,224,css,f2d1eb42,KevinMyo,2025-02-07,14:27:16,-08:00,2025-02-07T14:27:16-08:00,0,0
style.css,225,css,f2d1eb42,KevinMyo,2025-02-07,14:27:16,-08:00,2025-02-07T14:27:16-08:00,0,0
style.css,226,css,f2d1eb42,KevinMyo,2025-02-07,14:27:16,-08:00,2025-02-07T14:27:16-08:00,0,11
style.css,227,css,f2d1eb42,KevinMyo,2025-02-07,14:27:16,-08:00,2025-02-07T14:27:16-08:00,0,15
style.css,228,css,f2d1eb42,KevinMyo,2025-02-07,14:27:16,-08:00,2025-02-07T14:27:16-08:00,0,29
style.css,229,css,f2d1eb42,KevinMyo,2025-02-07,14:27:16,-08:00,2025-02-07T14:27:16-08:00,0,0
style.css,230,css,f2d1eb42,KevinMyo,2025-02-07,14:27:16,-08:00,2025-02-07T14:27:16-08:00,0,0
style.css,231,css,f2d1eb42,KevinMyo,2025-02-07,14:27:16,-08:00,2025-02-07T14:27:16-08:00,0,17
style.css,232,css,f2d1eb42,KevinMyo,2025-02-07,14:27:16,-08:00,2025-02-07T14:27:16-08:00,0,12
style.css,233,css,f2d1eb42,KevinMyo,2025-02-07,14:27:16,-08:00,2025-02-07T14:27:16-08:00,0,0
style.css,234,css,f2d1eb42,KevinMyo,2025-02-07,14:27:16,-08:00,2025-02-07T14:27:16-08:00,0,0
style.css,235,css,f2d1eb42,KevinMyo,2025-02-07,14:27:16,-08:00,2025-02-07T14:27:16-08:00,0,10
style.css,236,css,f2d1eb42,KevinMyo,2025-02-07,14:27:16,-08:00,2025-02-07T14:27:16-08:00,0,13
style.css,237,css,f2d1eb42,KevinMyo,2025-02-07,14:27:16,-08:00,2025-02-07T14:27:16-08:00,0,17
style.css,238,css,f2d1eb42,KevinMyo,2025-02-07,14:27:16,-08:00,2025-02-07T14:27:16-08:00,0,0
index.js,1,js,b7a337f5,KevinMyo,2025-01-31,22:11:17,-08:00,2025-01-31T22:11:17-08:00,0,72
index.js,2,js,b7a337f5,KevinMyo,2025-01-31,22:11:17,-08:00,2025-01-31T22:11:17-08:00,0,0
index.js,3,js,b7a337f5,KevinMyo,2025-01-31,22:11:17,-08:00,2025-01-31T22:11:17-08:00,0,13
index.js,4,js,b7a337f5,KevinMyo,2025-01-31,22:11:17,-08:00,2025-01-31T22:11:17-08:00,0,4
index.js,5,js,b7a337f5,KevinMyo,2025-01-31,22:11:17,-08:00,2025-01-31T22:11:17-08:00,0,42
index.js,6,js,b7a337f5,KevinMyo,2025-01-31,22:11:17,-08:00,2025-01-31T22:11:17-08:00,0,55
index.js,7,js,b7a337f5,KevinMyo,2025-01-31,22:11:17,-08:00,2025-01-31T22:11:17-08:00,0,0
index.js,8,js,b7a337f5,KevinMyo,2025-01-31,22:11:17,-08:00,2025-01-31T22:11:17-08:00,0,55
index.js,9,js,b7a337f5,KevinMyo,2025-01-31,22:11:17,-08:00,2025-01-31T22:11:17-08:00,0,34
index.js,10,js,b7a337f5,KevinMyo,2025-01-31,22:11:17,-08:00,2025-01-31T22:11:17-08:00,0,6
index.js,11,js,b7a337f5,KevinMyo,2025-01-31,22:11:17,-08:00,2025-01-31T22:11:17-08:00,0,0
index.js,12,js,b7a337f5,KevinMyo,2025-01-31,22:11:17,-08:00,2025-01-31T22:11:17-08:00,0,0
index.js,13,js,b7a337f5,KevinMyo,2025-01-31,22:11:17,-08:00,2025-01-31T22:11:17-08:00,0,43
index.js,14,js,b7a337f5,KevinMyo,2025-01-31,22:11:17,-08:00,2025-01-31T22:11:17-08:00,0,47
index.js,15,js,b7a337f5,KevinMyo,2025-01-31,22:11:17,-08:00,2025-01-31T22:11:17-08:00,0,0
index.js,16,js,b7a337f5,KevinMyo,2025-01-31,22:11:17,-08:00,2025-01-31T22:11:17-08:00,0,61
index.js,17,js,b7a337f5,KevinMyo,2025-01-31,22:11:17,-08:00,2025-01-31T22:11:17-08:00,0,0
index.js,18,js,b7a337f5,KevinMyo,2025-01-31,22:11:17,-08:00,2025-01-31T22:11:17-08:00,0,24
index.js,19,js,b7a337f5,KevinMyo,2025-01-31,22:11:17,-08:00,2025-01-31T22:11:17-08:00,0,68
index.js,20,js,b7a337f5,KevinMyo,2025-01-31,22:11:17,-08:00,2025-01-31T22:11:17-08:00,0,6
index.js,21,js,b7a337f5,KevinMyo,2025-01-31,22:11:17,-08:00,2025-01-31T22:11:17-08:00,0,0
index.js,22,js,b7a337f5,KevinMyo,2025-01-31,22:11:17,-08:00,2025-01-31T22:11:17-08:00,0,0
index.js,23,js,b7a337f5,KevinMyo,2025-01-31,22:11:17,-08:00,2025-01-31T22:11:17-08:00,0,32
index.js,24,js,f2d1eb42,KevinMyo,2025-02-07,14:27:16,-08:00,2025-02-07T14:27:16-08:00,0,86
index.js,25,js,f2d1eb42,KevinMyo,2025-02-07,14:27:16,-08:00,2025-02-07T14:27:16-08:00,0,55
index.js,26,js,b7a337f5,KevinMyo,2025-01-31,22:11:17,-08:00,2025-01-31T22:11:17-08:00,0,0
index.js,27,js,b7a337f5,KevinMyo,2025-01-31,22:11:17,-08:00,2025-01-31T22:11:17-08:00,0,16
index.js,28,js,b7a337f5,KevinMyo,2025-01-31,22:11:17,-08:00,2025-01-31T22:11:17-08:00,0,61
index.js,29,js,b7a337f5,KevinMyo,2025-01-31,22:11:17,-08:00,2025-01-31T22:11:17-08:00,0,0
index.js,30,js,b7a337f5,KevinMyo,2025-01-31,22:11:17,-08:00,2025-01-31T22:11:17-08:00,0,4
index.js,31,js,b7a337f5,KevinMyo,2025-01-31,22:11:17,-08:00,2025-01-31T22:11:17-08:00,0,0
index.js,32,js,b7a337f5,KevinMyo,2025-01-31,22:11:17,-08:00,2025-01-31T22:11:17-08:00,0,13
index.js,33,js,b7a337f5,KevinMyo,2025-01-31,22:11:17,-08:00,2025-01-31T22:11:17-08:00,0,4
index.js,34,js,b7a337f5,KevinMyo,2025-01-31,22:11:17,-08:00,2025-01-31T22:11:17-08:00,0,46
index.js,35,js,b7a337f5,KevinMyo,2025-01-31,22:11:17,-08:00,2025-01-31T22:11:17-08:00,0,0
index.js,36,js,b7a337f5,KevinMyo,2025-01-31,22:11:17,-08:00,2025-01-31T22:11:17-08:00,0,52
index.js,37,js,b7a337f5,KevinMyo,2025-01-31,22:11:17,-08:00,2025-01-31T22:11:17-08:00,0,0
index.js,38,js,b7a337f5,KevinMyo,2025-01-31,22:11:17,-08:00,2025-01-31T22:11:17-08:00,0,17
index.js,39,js,b7a337f5,KevinMyo,2025-01-31,22:11:17,-08:00,2025-01-31T22:11:17-08:00,0,38
index.js,40,js,b7a337f5,KevinMyo,2025-01-31,22:11:17,-08:00,2025-01-31T22:11:17-08:00,0,6
index.js,41,js,b7a337f5,KevinMyo,2025-01-31,22:11:17,-08:00,2025-01-31T22:11:17-08:00,0,0
index.js,42,js,b7a337f5,KevinMyo,2025-01-31,22:11:17,-08:00,2025-01-31T22:11:17-08:00,0,0
index.js,43,js,b7a337f5,KevinMyo,2025-01-31,22:11:17,-08:00,2025-01-31T22:11:17-08:00,0,47
index.js,44,js,b7a337f5,KevinMyo,2025-01-31,22:11:17,-08:00,2025-01-31T22:11:17-08:00,0,0
index.js,45,js,b7a337f5,KevinMyo,2025-01-31,22:11:17,-08:00,2025-01-31T22:11:17-08:00,0,61
index.js,46,js,b7a337f5,KevinMyo,2025-01-31,22:11:17,-08:00,2025-01-31T22:11:17-08:00,0,0
index.js,47,js,b7a337f5,KevinMyo,2025-01-31,22:11:17,-08:00,2025-01-31T22:11:17-08:00,0,18
index.js,48,js,b7a337f5,KevinMyo,2025-01-31,22:11:17,-08:00,2025-01-31T22:11:17-08:00,0,25
index.js,49,js,b7a337f5,KevinMyo,2025-01-31,22:11:17,-08:00,2025-01-31T22:11:17-08:00,0,23
index.js,50,js,b7a337f5,KevinMyo,2025-01-31,22:11:17,-08:00,2025-01-31T22:11:17-08:00,0,22
index.js,51,js,b7a337f5,KevinMyo,2025-01-31,22:11:17,-08:00,2025-01-31T22:11:17-08:00,0,50
index.js,52,js,b7a337f5,KevinMyo,2025-01-31,22:11:17,-08:00,2025-01-31T22:11:17-08:00,0,50
index.js,53,js,b7a337f5,KevinMyo,2025-01-31,22:11:17,-08:00,2025-01-31T22:11:17-08:00,0,56
index.js,54,js,b7a337f5,KevinMyo,2025-01-31,22:11:17,-08:00,2025-01-31T22:11:17-08:00,0,56
index.js,55,js,b7a337f5,KevinMyo,2025-01-31,22:11:17,-08:00,2025-01-31T22:11:17-08:00,0,4
index.js,56,js,b7a337f5,KevinMyo,2025-01-31,22:11:17,-08:00,2025-01-31T22:11:17-08:00,0,1
index.js,57,js,b7a337f5,KevinMyo,2025-01-31,22:11:17,-08:00,2025-01-31T22:11:17-08:00,0,7
index.js,58,js,b7a337f5,KevinMyo,2025-01-31,22:11:17,-08:00,2025-01-31T22:11:17-08:00,0,51
index.js,59,js,b7a337f5,KevinMyo,2025-01-31,22:11:17,-08:00,2025-01-31T22:11:17-08:00,0,0
index.js,60,js,b7a337f5,KevinMyo,2025-01-31,22:11:17,-08:00,2025-01-31T22:11:17-08:00,0,16
index.js,61,js,b7a337f5,KevinMyo,2025-01-31,22:11:17,-08:00,2025-01-31T22:11:17-08:00,0,53
index.js,62,js,b7a337f5,KevinMyo,2025-01-31,22:11:17,-08:00,2025-01-31T22:11:17-08:00,0,0
index.js,63,js,b7a337f5,KevinMyo,2025-01-31,22:11:17,-08:00,2025-01-31T22:11:17-08:00,0,4
index.html,1,html,c4f463e6,KevinMyo,2025-01-10,18:52:18,-08:00,2025-01-10T18:52:18-08:00,0,14
index.html,2,html,fbb81d2f,KevinMyo,2025-01-23,15:37:23,-08:00,2025-01-23T15:37:23-08:00,0,35
index.html,3,html,c4f463e6,KevinMyo,2025-01-10,18:52:18,-08:00,2025-01-10T18:52:18-08:00,0,5
index.html,4,html,c4f463e6,KevinMyo,2025-01-10,18:52:18,-08:00,2025-01-10T18:52:18-08:00,0,21
index.html,5,html,c4f463e6,KevinMyo,2025-01-10,18:52:18,-08:00,2025-01-10T18:52:18-08:00,0,69
index.html,6,html,c4f463e6,KevinMyo,2025-01-10,18:52:18,-08:00,2025-01-10T18:52:18-08:00,0,52
index.html,7,html,7f3d1c89,KevinMyo,2025-01-17,15:00:07,-08:00,2025-01-17T15:00:07-08:00,0,39
index.html,8,html,7ad9faee,KevinMyo,2025-01-23,15:16:53,-08:00,2025-01-23T15:16:53-08:00,0,46
index.html,9,html,c4f463e6,KevinMyo,2025-01-10,18:52:18,-08:00,2025-01-10T18:52:18-08:00,0,6
index.html,10,html,c4f463e6,KevinMyo,2025-01-10,18:52:18,-08:00,2025-01-10T18:52:18-08:00,0,5
index.html,11,html,fbb81d2f,KevinMyo,2025-01-23,15:37:23,-08:00,2025-01-23T15:37:23-08:00,0,9
index.html,12,html,5d540986,KevinMyo,2025-01-10,22:54:32,-08:00,2025-01-10T22:54:32-08:00,0,3
index.html,13,html,9ffdc192,KevinMyo,2025-01-17,16:24:13,-08:00,2025-01-17T16:24:13-08:00,0,53
index.html,14,html,fbb81d2f,KevinMyo,2025-01-23,15:37:23,-08:00,2025-01-23T15:37:23-08:00,0,37
index.html,15,html,f10b5cf4,KevinMyo,2025-01-10,23:24:52,-08:00,2025-01-10T23:24:52-08:00,0,50
index.html,16,html,2a59917a,KevinMyo,2025-01-17,18:44:12,-08:00,2025-01-17T18:44:12-08:00,0,38
index.html,17,html,f10b5cf4,KevinMyo,2025-01-10,23:24:52,-08:00,2025-01-10T23:24:52-08:00,0,48
index.html,18,html,5d540986,KevinMyo,2025-01-10,22:54:32,-08:00,2025-01-10T22:54:32-08:00,0,80
index.html,19,html,5d540986,KevinMyo,2025-01-10,22:54:32,-08:00,2025-01-10T22:54:32-08:00,0,4
index.html,20,html,fbb81d2f,KevinMyo,2025-01-23,15:37:23,-08:00,2025-01-23T15:37:23-08:00,0,9
index.html,21,html,c4f463e6,KevinMyo,2025-01-10,18:52:18,-08:00,2025-01-10T18:52:18-08:00,0,17
index.html,22,html,c4f463e6,KevinMyo,2025-01-10,18:52:18,-08:00,2025-01-10T18:52:18-08:00,0,137
index.html,23,html,f61c8da7,KevinMyo,2025-01-10,19:10:42,-08:00,2025-01-10T19:10:42-08:00,0,77
index.html,24,html,b7a337f5,KevinMyo,2025-01-31,22:11:17,-08:00,2025-01-31T22:11:17-08:00,0,0
index.html,25,html,b7a337f5,KevinMyo,2025-01-31,22:11:17,-08:00,2025-01-31T22:11:17-08:00,0,23
index.html,26,html,b7a337f5,KevinMyo,2025-01-31,22:11:17,-08:00,2025-01-31T22:11:17-08:00,0,21
index.html,27,html,b7a337f5,KevinMyo,2025-01-31,22:11:17,-08:00,2025-01-31T22:11:17-08:00,0,50
index.html,28,html,b7a337f5,KevinMyo,2025-01-31,22:11:17,-08:00,2025-01-31T22:11:17-08:00,0,5
index.html,29,html,b7a337f5,KevinMyo,2025-01-31,22:11:17,-08:00,2025-01-31T22:11:17-08:00,0,0
index.html,30,html,b7a337f5,KevinMyo,2025-01-31,22:11:17,-08:00,2025-01-31T22:11:17-08:00,0,29
index.html,31,html,b7a337f5,KevinMyo,2025-01-31,22:11:17,-08:00,2025-01-31T22:11:17-08:00,0,47
index.html,32,html,c4f463e6,KevinMyo,2025-01-10,18:52:18,-08:00,2025-01-10T18:52:18-08:00,0,6
index.html,33,html,c4f463e6,KevinMyo,2025-01-10,18:52:18,-08:00,2025-01-10T18:52:18-08:00,0,6
global.js,1,js,7ad9faee,KevinMyo,2025-01-23,15:16:53,-08:00,2025-01-23T15:16:53-08:00,0,26
global.js,2,js,7ad9faee,KevinMyo,2025-01-23,15:16:53,-08:00,2025-01-23T15:16:53-08:00,0,0
global.js,3,js,7ad9faee,KevinMyo,2025-01-23,15:16:53,-08:00,2025-01-23T15:16:53-08:00,0,42
global.js,4,js,7ad9faee,KevinMyo,2025-01-23,15:16:53,-08:00,2025-01-23T15:16:53-08:00,0,53
global.js,5,js,7ad9faee,KevinMyo,2025-01-23,15:16:53,-08:00,2025-01-23T15:16:53-08:00,0,0
global.js,6,js,7ad9faee,KevinMyo,2025-01-23,15:16:53,-08:00,2025-01-23T15:16:53-08:00,0,0
global.js,7,js,fbb81d2f,KevinMyo,2025-01-23,15:37:23,-08:00,2025-01-23T15:37:23-08:00,0,31
global.js,8,js,fbb81d2f,KevinMyo,2025-01-23,15:37:23,-08:00,2025-01-23T15:37:23-08:00,0,36
global.js,9,js,fbb81d2f,KevinMyo,2025-01-23,15:37:23,-08:00,2025-01-23T15:37:23-08:00,0,73
global.js,10,js,fbb81d2f,KevinMyo,2025-01-23,15:37:23,-08:00,2025-01-23T15:37:23-08:00,0,6
global.js,11,js,fbb81d2f,KevinMyo,2025-01-23,15:37:23,-08:00,2025-01-23T15:37:23-08:00,0,40
global.js,12,js,fbb81d2f,KevinMyo,2025-01-23,15:37:23,-08:00,2025-01-23T15:37:23-08:00,0,0
global.js,13,js,fbb81d2f,KevinMyo,2025-01-23,15:37:23,-08:00,2025-01-23T15:37:23-08:00,0,14
global.js,14,js,fbb81d2f,KevinMyo,2025-01-23,15:37:23,-08:00,2025-01-23T15:37:23-08:00,0,26
global.js,15,js,fbb81d2f,KevinMyo,2025-01-23,15:37:23,-08:00,2025-01-23T15:37:23-08:00,0,39
global.js,16,js,fbb81d2f,KevinMyo,2025-01-23,15:37:23,-08:00,2025-01-23T15:37:23-08:00,0,27
global.js,17,js,fbb81d2f,KevinMyo,2025-01-23,15:37:23,-08:00,2025-01-23T15:37:23-08:00,0,37
global.js,18,js,00000000,Not Committed Yet,2025-02-13,17:28:08,-08:00,2025-02-13T17:28:08-08:00,0,31
global.js,19,js,fbb81d2f,KevinMyo,2025-01-23,15:37:23,-08:00,2025-01-23T15:37:23-08:00,0,63
global.js,20,js,fbb81d2f,KevinMyo,2025-01-23,15:37:23,-08:00,2025-01-23T15:37:23-08:00,0,1
global.js,21,js,fbb81d2f,KevinMyo,2025-01-23,15:37:23,-08:00,2025-01-23T15:37:23-08:00,0,0
global.js,22,js,fbb81d2f,KevinMyo,2025-01-23,15:37:23,-08:00,2025-01-23T15:37:23-08:00,0,71
global.js,23,js,fbb81d2f,KevinMyo,2025-01-23,15:37:23,-08:00,2025-01-23T15:37:23-08:00,0,41
global.js,24,js,fbb81d2f,KevinMyo,2025-01-23,15:37:23,-08:00,2025-01-23T15:37:23-08:00,0,26
global.js,25,js,fbb81d2f,KevinMyo,2025-01-23,15:37:23,-08:00,2025-01-23T15:37:23-08:00,0,0
global.js,26,js,fbb81d2f,KevinMyo,2025-01-23,15:37:23,-08:00,2025-01-23T15:37:23-08:00,0,26
global.js,27,js,fbb81d2f,KevinMyo,2025-01-23,15:37:23,-08:00,2025-01-23T15:37:23-08:00,0,18
global.js,28,js,fbb81d2f,KevinMyo,2025-01-23,15:37:23,-08:00,2025-01-23T15:37:23-08:00,0,24
global.js,29,js,fbb81d2f,KevinMyo,2025-01-23,15:37:23,-08:00,2025-01-23T15:37:23-08:00,0,45
global.js,30,js,fbb81d2f,KevinMyo,2025-01-23,15:37:23,-08:00,2025-01-23T15:37:23-08:00,0,17
global.js,31,js,fbb81d2f,KevinMyo,2025-01-23,15:37:23,-08:00,2025-01-23T15:37:23-08:00,0,0
global.js,32,js,fbb81d2f,KevinMyo,2025-01-23,15:37:23,-08:00,2025-01-23T15:37:23-08:00,0,37
global.js,33,js,fbb81d2f,KevinMyo,2025-01-23,15:37:23,-08:00,2025-01-23T15:37:23-08:00,0,12
global.js,34,js,fbb81d2f,KevinMyo,2025-01-23,15:37:23,-08:00,2025-01-23T15:37:23-08:00,0,21
global.js,35,js,fbb81d2f,KevinMyo,2025-01-23,15:37:23,-08:00,2025-01-23T15:37:23-08:00,0,18
global.js,36,js,fbb81d2f,KevinMyo,2025-01-23,15:37:23,-08:00,2025-01-23T15:37:23-08:00,0,9
global.js,37,js,fbb81d2f,KevinMyo,2025-01-23,15:37:23,-08:00,2025-01-23T15:37:23-08:00,0,59
global.js,38,js,fbb81d2f,KevinMyo,2025-01-23,15:37:23,-08:00,2025-01-23T15:37:23-08:00,0,1
global.js,39,js,fbb81d2f,KevinMyo,2025-01-23,15:37:23,-08:00,2025-01-23T15:37:23-08:00,0,30
global.js,40,js,fbb81d2f,KevinMyo,2025-01-23,15:37:23,-08:00,2025-01-23T15:37:23-08:00,0,19
global.js,41,js,fbb81d2f,KevinMyo,2025-01-23,15:37:23,-08:00,2025-01-23T15:37:23-08:00,0,0
global.js,42,js,fbb81d2f,KevinMyo,2025-01-23,15:37:23,-08:00,2025-01-23T15:37:23-08:00,0,13
global.js,43,js,696e4d7a,KevinMyo,2025-01-23,17:52:26,-08:00,2025-01-23T17:52:26-08:00,0,0
global.js,44,js,696e4d7a,KevinMyo,2025-01-23,17:52:26,-08:00,2025-01-23T17:52:26-08:00,0,0
global.js,45,js,696e4d7a,KevinMyo,2025-01-23,17:52:26,-08:00,2025-01-23T17:52:26-08:00,0,32
global.js,46,js,696e4d7a,KevinMyo,2025-01-23,17:52:26,-08:00,2025-01-23T17:52:26-08:00,0,12
global.js,47,js,696e4d7a,KevinMyo,2025-01-23,17:52:26,-08:00,2025-01-23T17:52:26-08:00,0,0
global.js,48,js,696e4d7a,KevinMyo,2025-01-23,17:52:26,-08:00,2025-01-23T17:52:26-08:00,0,27
global.js,49,js,696e4d7a,KevinMyo,2025-01-23,17:52:26,-08:00,2025-01-23T17:52:26-08:00,0,5
global.js,50,js,696e4d7a,KevinMyo,2025-01-23,17:52:26,-08:00,2025-01-23T17:52:26-08:00,0,7
global.js,51,js,696e4d7a,KevinMyo,2025-01-23,17:52:26,-08:00,2025-01-23T17:52:26-08:00,0,44
global.js,52,js,696e4d7a,KevinMyo,2025-01-23,17:52:26,-08:00,2025-01-23T17:52:26-08:00,0,35
global.js,53,js,696e4d7a,KevinMyo,2025-01-23,17:52:26,-08:00,2025-01-23T17:52:26-08:00,0,33
global.js,54,js,696e4d7a,KevinMyo,2025-01-23,17:52:26,-08:00,2025-01-23T17:52:26-08:00,0,8
global.js,55,js,696e4d7a,KevinMyo,2025-01-23,17:52:26,-08:00,2025-01-23T17:52:26-08:00,0,7
global.js,56,js,696e4d7a,KevinMyo,2025-01-23,17:52:26,-08:00,2025-01-23T17:52:26-08:00,0,0
global.js,57,js,696e4d7a,KevinMyo,2025-01-23,17:52:26,-08:00,2025-01-23T17:52:26-08:00,0,1
global.js,58,js,696e4d7a,KevinMyo,2025-01-23,17:52:26,-08:00,2025-01-23T17:52:26-08:00,0,61
global.js,59,js,696e4d7a,KevinMyo,2025-01-23,17:52:26,-08:00,2025-01-23T17:52:26-08:00,0,37
global.js,60,js,696e4d7a,KevinMyo,2025-01-23,17:52:26,-08:00,2025-01-23T17:52:26-08:00,0,37
global.js,61,js,696e4d7a,KevinMyo,2025-01-23,17:52:26,-08:00,2025-01-23T17:52:26-08:00,0,51
global.js,62,js,696e4d7a,KevinMyo,2025-01-23,17:52:26,-08:00,2025-01-23T17:52:26-08:00,0,26
global.js,63,js,696e4d7a,KevinMyo,2025-01-23,17:52:26,-08:00,2025-01-23T17:52:26-08:00,0,0
global.js,64,js,696e4d7a,KevinMyo,2025-01-23,17:52:26,-08:00,2025-01-23T17:52:26-08:00,0,35
global.js,65,js,696e4d7a,KevinMyo,2025-01-23,17:52:26,-08:00,2025-01-23T17:52:26-08:00,0,40
global.js,66,js,696e4d7a,KevinMyo,2025-01-23,17:52:26,-08:00,2025-01-23T17:52:26-08:00,0,0
global.js,67,js,696e4d7a,KevinMyo,2025-01-23,17:52:26,-08:00,2025-01-23T17:52:26-08:00,0,44
global.js,68,js,696e4d7a,KevinMyo,2025-01-23,17:52:26,-08:00,2025-01-23T17:52:26-08:00,0,38
global.js,69,js,696e4d7a,KevinMyo,2025-01-23,17:52:26,-08:00,2025-01-23T17:52:26-08:00,0,27
global.js,70,js,f2d1eb42,KevinMyo,2025-02-07,14:27:16,-08:00,2025-02-07T14:27:16-08:00,0,38
global.js,71,js,f2d1eb42,KevinMyo,2025-02-07,14:27:16,-08:00,2025-02-07T14:27:16-08:00,0,2
global.js,72,js,f2d1eb42,KevinMyo,2025-02-07,14:27:16,-08:00,2025-02-07T14:27:16-08:00,0,0
global.js,73,js,1e5e934a,KevinMyo,2025-01-31,21:21:39,-08:00,2025-01-31T21:21:39-08:00,0,37
global.js,74,js,1e5e934a,KevinMyo,2025-01-31,21:21:39,-08:00,2025-01-31T21:21:39-08:00,0,4
global.js,75,js,1e5e934a,KevinMyo,2025-01-31,21:21:39,-08:00,2025-01-31T21:21:39-08:00,0,33
global.js,76,js,f2d1eb42,KevinMyo,2025-02-07,14:27:16,-08:00,2025-02-07T14:27:16-08:00,0,21
global.js,77,js,1e5e934a,KevinMyo,2025-01-31,21:21:39,-08:00,2025-01-31T21:21:39-08:00,0,0
global.js,78,js,1e5e934a,KevinMyo,2025-01-31,21:21:39,-08:00,2025-01-31T21:21:39-08:00,0,18
global.js,79,js,1e5e934a,KevinMyo,2025-01-31,21:21:39,-08:00,2025-01-31T21:21:39-08:00,0,67
global.js,80,js,1e5e934a,KevinMyo,2025-01-31,21:21:39,-08:00,2025-01-31T21:21:39-08:00,0,0
global.js,81,js,1e5e934a,KevinMyo,2025-01-31,21:21:39,-08:00,2025-01-31T21:21:39-08:00,0,0
global.js,82,js,1e5e934a,KevinMyo,2025-01-31,21:21:39,-08:00,2025-01-31T21:21:39-08:00,0,34
global.js,83,js,1e5e934a,KevinMyo,2025-01-31,21:21:39,-08:00,2025-01-31T21:21:39-08:00,0,11
global.js,84,js,1e5e934a,KevinMyo,2025-01-31,21:21:39,-08:00,2025-01-31T21:21:39-08:00,0,16
global.js,85,js,1e5e934a,KevinMyo,2025-01-31,21:21:39,-08:00,2025-01-31T21:21:39-08:00,0,60
global.js,86,js,1e5e934a,KevinMyo,2025-01-31,21:21:39,-08:00,2025-01-31T21:21:39-08:00,0,0
global.js,87,js,1e5e934a,KevinMyo,2025-01-31,21:21:39,-08:00,2025-01-31T21:21:39-08:00,0,0
global.js,88,js,1e5e934a,KevinMyo,2025-01-31,21:21:39,-08:00,2025-01-31T21:21:39-08:00,0,0
global.js,89,js,1e5e934a,KevinMyo,2025-01-31,21:21:39,-08:00,2025-01-31T21:21:39-08:00,0,79
global.js,90,js,1e5e934a,KevinMyo,2025-01-31,21:21:39,-08:00,2025-01-31T21:21:39-08:00,0,0
global.js,91,js,1e5e934a,KevinMyo,2025-01-31,21:21:39,-08:00,2025-01-31T21:21:39-08:00,0,69
global.js,92,js,1e5e934a,KevinMyo,2025-01-31,21:21:39,-08:00,2025-01-31T21:21:39-08:00,0,52
global.js,93,js,1e5e934a,KevinMyo,2025-01-31,21:21:39,-08:00,2025-01-31T21:21:39-08:00,0,6
global.js,94,js,1e5e934a,KevinMyo,2025-01-31,21:21:39,-08:00,2025-01-31T21:21:39-08:00,0,0
global.js,95,js,1e5e934a,KevinMyo,2025-01-31,21:21:39,-08:00,2025-01-31T21:21:39-08:00,0,0
global.js,96,js,1e5e934a,KevinMyo,2025-01-31,21:21:39,-08:00,2025-01-31T21:21:39-08:00,0,45
global.js,97,js,1e5e934a,KevinMyo,2025-01-31,21:21:39,-08:00,2025-01-31T21:21:39-08:00,0,47
global.js,98,js,1e5e934a,KevinMyo,2025-01-31,21:21:39,-08:00,2025-01-31T21:21:39-08:00,0,6
global.js,99,js,1e5e934a,KevinMyo,2025-01-31,21:21:39,-08:00,2025-01-31T21:21:39-08:00,0,0
global.js,100,js,1e5e934a,KevinMyo,2025-01-31,21:21:39,-08:00,2025-01-31T21:21:39-08:00,0,0
global.js,101,js,f2d1eb42,KevinMyo,2025-02-07,14:27:16,-08:00,2025-02-07T14:27:16-08:00,0,31
global.js,102,js,f2d1eb42,KevinMyo,2025-02-07,14:27:16,-08:00,2025-02-07T14:27:16-08:00,0,0
global.js,103,js,f2d1eb42,KevinMyo,2025-02-07,14:27:16,-08:00,2025-02-07T14:27:16-08:00,0,27
global.js,104,js,f2d1eb42,KevinMyo,2025-02-07,14:27:16,-08:00,2025-02-07T14:27:16-08:00,0,49
global.js,105,js,f2d1eb42,KevinMyo,2025-02-07,14:27:16,-08:00,2025-02-07T14:27:16-08:00,0,20
global.js,106,js,f2d1eb42,KevinMyo,2025-02-07,14:27:16,-08:00,2025-02-07T14:27:16-08:00,0,50
global.js,107,js,f2d1eb42,KevinMyo,2025-02-07,14:27:16,-08:00,2025-02-07T14:27:16-08:00,0,50
global.js,108,js,f2d1eb42,KevinMyo,2025-02-07,14:27:16,-08:00,2025-02-07T14:27:16-08:00,0,28
global.js,109,js,f2d1eb42,KevinMyo,2025-02-07,14:27:16,-08:00,2025-02-07T14:27:16-08:00,0,28
global.js,110,js,f2d1eb42,KevinMyo,2025-02-07,14:27:16,-08:00,2025-02-07T14:27:16-08:00,0,42
global.js,111,js,f2d1eb42,KevinMyo,2025-02-07,14:27:16,-08:00,2025-02-07T14:27:16-08:00,0,5
global.js,112,js,f2d1eb42,KevinMyo,2025-02-07,14:27:16,-08:00,2025-02-07T14:27:16-08:00,0,1
global.js,113,js,f2d1eb42,KevinMyo,2025-02-07,14:27:16,-08:00,2025-02-07T14:27:16-08:00,0,37
global.js,114,js,f2d1eb42,KevinMyo,2025-02-07,14:27:16,-08:00,2025-02-07T14:27:16-08:00,0,3
global.js,115,js,f2d1eb42,KevinMyo,2025-02-07,14:27:16,-08:00,2025-02-07T14:27:16-08:00,0,0
global.js,116,js,f2d1eb42,KevinMyo,2025-02-07,14:27:16,-08:00,2025-02-07T14:27:16-08:00,0,56
global.js,117,js,f2d1eb42,KevinMyo,2025-02-07,14:27:16,-08:00,2025-02-07T14:27:16-08:00,0,44
global.js,118,js,f2d1eb42,KevinMyo,2025-02-07,14:27:16,-08:00,2025-02-07T14:27:16-08:00,0,0
global.js,119,js,f2d1eb42,KevinMyo,2025-02-07,14:27:16,-08:00,2025-02-07T14:27:16-08:00,0,36
global.js,120,js,f2d1eb42,KevinMyo,2025-02-07,14:27:16,-08:00,2025-02-07T14:27:16-08:00,0,70
global.js,121,js,f2d1eb42,KevinMyo,2025-02-07,14:27:16,-08:00,2025-02-07T14:27:16-08:00,0,55
global.js,122,js,f2d1eb42,KevinMyo,2025-02-07,14:27:16,-08:00,2025-02-07T14:27:16-08:00,0,94
global.js,123,js,f2d1eb42,KevinMyo,2025-02-07,14:27:16,-08:00,2025-02-07T14:27:16-08:00,0,30
global.js,124,js,f2d1eb42,KevinMyo,2025-02-07,14:27:16,-08:00,2025-02-07T14:27:16-08:00,0,7
global.js,125,js,f2d1eb42,KevinMyo,2025-02-07,14:27:16,-08:00,2025-02-07T14:27:16-08:00,0,0
global.js,126,js,f2d1eb42,KevinMyo,2025-02-07,14:27:16,-08:00,2025-02-07T14:27:16-08:00,0,27
global.js,127,js,f2d1eb42,KevinMyo,2025-02-07,14:27:16,-08:00,2025-02-07T14:27:16-08:00,0,61
global.js,128,js,f2d1eb42,KevinMyo,2025-02-07,14:27:16,-08:00,2025-02-07T14:27:16-08:00,0,61
global.js,129,js,f2d1eb42,KevinMyo,2025-02-07,14:27:16,-08:00,2025-02-07T14:27:16-08:00,0,39
global.js,130,js,f2d1eb42,KevinMyo,2025-02-07,14:27:16,-08:00,2025-02-07T14:27:16-08:00,0,71
global.js,131,js,f2d1eb42,KevinMyo,2025-02-07,14:27:16,-08:00,2025-02-07T14:27:16-08:00,0,66
global.js,132,js,f2d1eb42,KevinMyo,2025-02-07,14:27:16,-08:00,2025-02-07T14:27:16-08:00,0,16
global.js,133,js,f2d1eb42,KevinMyo,2025-02-07,14:27:16,-08:00,2025-02-07T14:27:16-08:00,0,8
global.js,134,js,f2d1eb42,KevinMyo,2025-02-07,14:27:16,-08:00,2025-02-07T14:27:16-08:00,0,0
global.js,135,js,f2d1eb42,KevinMyo,2025-02-07,14:27:16,-08:00,2025-02-07T14:27:16-08:00,0,44
global.js,136,js,f2d1eb42,KevinMyo,2025-02-07,14:27:16,-08:00,2025-02-07T14:27:16-08:00,0,3
global.js,137,js,b7a337f5,KevinMyo,2025-01-31,22:11:17,-08:00,2025-01-31T22:11:17-08:00,0,0
global.js,138,js,b7a337f5,KevinMyo,2025-01-31,22:11:17,-08:00,2025-01-31T22:11:17-08:00,0,48
global.js,139,js,b7a337f5,KevinMyo,2025-01-31,22:11:17,-08:00,2025-01-31T22:11:17-08:00,0,4
global.js,140,js,b7a337f5,KevinMyo,2025-01-31,22:11:17,-08:00,2025-01-31T22:11:17-08:00,0,72
global.js,141,js,b7a337f5,KevinMyo,2025-01-31,22:11:17,-08:00,2025-01-31T22:11:17-08:00,0,18
global.js,142,js,b7a337f5,KevinMyo,2025-01-31,22:11:17,-08:00,2025-01-31T22:11:17-08:00,0,70
global.js,143,js,b7a337f5,KevinMyo,2025-01-31,22:11:17,-08:00,2025-01-31T22:11:17-08:00,0,0
global.js,144,js,b7a337f5,KevinMyo,2025-01-31,22:11:17,-08:00,2025-01-31T22:11:17-08:00,0,34
global.js,145,js,b7a337f5,KevinMyo,2025-01-31,22:11:17,-08:00,2025-01-31T22:11:17-08:00,0,11
global.js,146,js,f2d1eb42,KevinMyo,2025-02-07,14:27:16,-08:00,2025-02-07T14:27:16-08:00,0,11
global.js,147,js,b7a337f5,KevinMyo,2025-01-31,22:11:17,-08:00,2025-01-31T22:11:17-08:00,0,16
global.js,148,js,b7a337f5,KevinMyo,2025-01-31,22:11:17,-08:00,2025-01-31T22:11:17-08:00,0,51
global.js,149,js,b7a337f5,KevinMyo,2025-01-31,22:11:17,-08:00,2025-01-31T22:11:17-08:00,0,0
global.js,150,js,f2d1eb42,KevinMyo,2025-02-07,14:27:16,-08:00,2025-02-07T14:27:16-08:00,0,0
projects/projects.js,1,js,699e5528,KevinMyo,2025-01-31,14:43:46,-08:00,2025-01-31T14:43:46-08:00,0,56
projects/projects.js,2,js,f2d1eb42,KevinMyo,2025-02-07,14:27:16,-08:00,2025-02-07T14:27:16-08:00,0,64
projects/projects.js,3,js,699e5528,KevinMyo,2025-01-31,14:43:46,-08:00,2025-01-31T14:43:46-08:00,0,0
projects/projects.js,4,js,699e5528,KevinMyo,2025-01-31,14:43:46,-08:00,2025-01-31T14:43:46-08:00,0,13
projects/projects.js,5,js,f2d1eb42,KevinMyo,2025-02-07,14:27:16,-08:00,2025-02-07T14:27:16-08:00,0,4
projects/projects.js,6,js,f2d1eb42,KevinMyo,2025-02-07,14:27:16,-08:00,2025-02-07T14:27:16-08:00,0,56
projects/projects.js,7,js,f2d1eb42,KevinMyo,2025-02-07,14:27:16,-08:00,2025-02-07T14:27:16-08:00,0,63
projects/projects.js,8,js,f2d1eb42,KevinMyo,2025-02-07,14:27:16,-08:00,2025-02-07T14:27:16-08:00,0,61
projects/projects.js,9,js,f2d1eb42,KevinMyo,2025-02-07,14:27:16,-08:00,2025-02-07T14:27:16-08:00,0,0
projects/projects.js,10,js,f2d1eb42,KevinMyo,2025-02-07,14:27:16,-08:00,2025-02-07T14:27:16-08:00,0,24
projects/projects.js,11,js,f2d1eb42,KevinMyo,2025-02-07,14:27:16,-08:00,2025-02-07T14:27:16-08:00,0,68
projects/projects.js,12,js,f2d1eb42,KevinMyo,2025-02-07,14:27:16,-08:00,2025-02-07T14:27:16-08:00,0,6
projects/projects.js,13,js,f2d1eb42,KevinMyo,2025-02-07,14:27:16,-08:00,2025-02-07T14:27:16-08:00,0,0
projects/projects.js,14,js,f2d1eb42,KevinMyo,2025-02-07,14:27:16,-08:00,2025-02-07T14:27:16-08:00,0,40
projects/projects.js,15,js,f2d1eb42,KevinMyo,2025-02-07,14:27:16,-08:00,2025-02-07T14:27:16-08:00,0,35
projects/projects.js,16,js,f2d1eb42,KevinMyo,2025-02-07,14:27:16,-08:00,2025-02-07T14:27:16-08:00,0,6
projects/projects.js,17,js,f2d1eb42,KevinMyo,2025-02-07,14:27:16,-08:00,2025-02-07T14:27:16-08:00,0,0
projects/projects.js,18,js,f2d1eb42,KevinMyo,2025-02-07,14:27:16,-08:00,2025-02-07T14:27:16-08:00,0,0
projects/projects.js,19,js,f2d1eb42,KevinMyo,2025-02-07,14:27:16,-08:00,2025-02-07T14:27:16-08:00,0,46
projects/projects.js,20,js,f2d1eb42,KevinMyo,2025-02-07,14:27:16,-08:00,2025-02-07T14:27:16-08:00,0,59
projects/projects.js,21,js,f2d1eb42,KevinMyo,2025-02-07,14:27:16,-08:00,2025-02-07T14:27:16-08:00,0,0
projects/projects.js,22,js,f2d1eb42,KevinMyo,2025-02-07,14:27:16,-08:00,2025-02-07T14:27:16-08:00,0,0
projects/projects.js,23,js,f2d1eb42,KevinMyo,2025-02-07,14:27:16,-08:00,2025-02-07T14:27:16-08:00,0,32
projects/projects.js,24,js,f2d1eb42,KevinMyo,2025-02-07,14:27:16,-08:00,2025-02-07T14:27:16-08:00,0,0
projects/projects.js,25,js,f2d1eb42,KevinMyo,2025-02-07,14:27:16,-08:00,2025-02-07T14:27:16-08:00,0,52
projects/projects.js,26,js,f2d1eb42,KevinMyo,2025-02-07,14:27:16,-08:00,2025-02-07T14:27:16-08:00,0,28
projects/projects.js,27,js,f2d1eb42,KevinMyo,2025-02-07,14:27:16,-08:00,2025-02-07T14:27:16-08:00,0,48
projects/projects.js,28,js,f2d1eb42,KevinMyo,2025-02-07,14:27:16,-08:00,2025-02-07T14:27:16-08:00,0,2
projects/projects.js,29,js,f2d1eb42,KevinMyo,2025-02-07,14:27:16,-08:00,2025-02-07T14:27:16-08:00,0,7
projects/projects.js,30,js,f2d1eb42,KevinMyo,2025-02-07,14:27:16,-08:00,2025-02-07T14:27:16-08:00,0,75
projects/projects.js,31,js,f2d1eb42,KevinMyo,2025-02-07,14:27:16,-08:00,2025-02-07T14:27:16-08:00,0,0
projects/projects.js,32,js,f2d1eb42,KevinMyo,2025-02-07,14:27:16,-08:00,2025-02-07T14:27:16-08:00,0,16
projects/projects.js,33,js,f2d1eb42,KevinMyo,2025-02-07,14:27:16,-08:00,2025-02-07T14:27:16-08:00,0,61
projects/projects.js,34,js,f2d1eb42,KevinMyo,2025-02-07,14:27:16,-08:00,2025-02-07T14:27:16-08:00,0,0
projects/projects.js,35,js,f2d1eb42,KevinMyo,2025-02-07,14:27:16,-08:00,2025-02-07T14:27:16-08:00,0,4
projects/projects.js,36,js,f2d1eb42,KevinMyo,2025-02-07,14:27:16,-08:00,2025-02-07T14:27:16-08:00,0,0
projects/projects.js,37,js,f2d1eb42,KevinMyo,2025-02-07,14:27:16,-08:00,2025-02-07T14:27:16-08:00,0,0
projects/projects.js,38,js,f2d1eb42,KevinMyo,2025-02-07,14:27:16,-08:00,2025-02-07T14:27:16-08:00,0,0
projects/projects.js,39,js,f2d1eb42,KevinMyo,2025-02-07,14:27:16,-08:00,2025-02-07T14:27:16-08:00,0,1
projects/projects.js,40,js,f2d1eb42,KevinMyo,2025-02-07,14:27:16,-08:00,2025-02-07T14:27:16-08:00,0,13
projects/projects.js,41,js,f2d1eb42,KevinMyo,2025-02-07,14:27:16,-08:00,2025-02-07T14:27:16-08:00,0,56
projects/projects.js,42,js,f2d1eb42,KevinMyo,2025-02-07,14:27:16,-08:00,2025-02-07T14:27:16-08:00,0,61
projects/projects.js,43,js,f2d1eb42,KevinMyo,2025-02-07,14:27:16,-08:00,2025-02-07T14:27:16-08:00,0,56
projects/projects.js,44,js,f2d1eb42,KevinMyo,2025-02-07,14:27:16,-08:00,2025-02-07T14:27:16-08:00,0,23
projects/projects.js,45,js,f2d1eb42,KevinMyo,2025-02-07,14:27:16,-08:00,2025-02-07T14:27:16-08:00,0,0
projects/projects.js,46,js,f2d1eb42,KevinMyo,2025-02-07,14:27:16,-08:00,2025-02-07T14:27:16-08:00,0,34
projects/projects.js,47,js,f2d1eb42,KevinMyo,2025-02-07,14:27:16,-08:00,2025-02-07T14:27:16-08:00,0,29
projects/projects.js,48,js,f2d1eb42,KevinMyo,2025-02-07,14:27:16,-08:00,2025-02-07T14:27:16-08:00,0,8
projects/projects.js,49,js,f2d1eb42,KevinMyo,2025-02-07,14:27:16,-08:00,2025-02-07T14:27:16-08:00,0,15
projects/projects.js,50,js,f2d1eb42,KevinMyo,2025-02-07,14:27:16,-08:00,2025-02-07T14:27:16-08:00,0,12
projects/projects.js,51,js,f2d1eb42,KevinMyo,2025-02-07,14:27:16,-08:00,2025-02-07T14:27:16-08:00,0,1
projects/projects.js,52,js,f2d1eb42,KevinMyo,2025-02-07,14:27:16,-08:00,2025-02-07T14:27:16-08:00,0,0
projects/projects.js,53,js,f2d1eb42,KevinMyo,2025-02-07,14:27:16,-08:00,2025-02-07T14:27:16-08:00,0,79
projects/projects.js,54,js,f2d1eb42,KevinMyo,2025-02-07,14:27:16,-08:00,2025-02-07T14:27:16-08:00,0,50
projects/projects.js,55,js,f2d1eb42,KevinMyo,2025-02-07,14:27:16,-08:00,2025-02-07T14:27:16-08:00,0,51
projects/projects.js,56,js,f2d1eb42,KevinMyo,2025-02-07,14:27:16,-08:00,2025-02-07T14:27:16-08:00,0,60
projects/projects.js,57,js,f2d1eb42,KevinMyo,2025-02-07,14:27:16,-08:00,2025-02-07T14:27:16-08:00,0,36
projects/projects.js,58,js,f2d1eb42,KevinMyo,2025-02-07,14:27:16,-08:00,2025-02-07T14:27:16-08:00,0,0
projects/projects.js,59,js,f2d1eb42,KevinMyo,2025-02-07,14:27:16,-08:00,2025-02-07T14:27:16-08:00,0,35
projects/projects.js,60,js,f2d1eb42,KevinMyo,2025-02-07,14:27:16,-08:00,2025-02-07T14:27:16-08:00,0,37
projects/projects.js,61,js,f2d1eb42,KevinMyo,2025-02-07,14:27:16,-08:00,2025-02-07T14:27:16-08:00,0,13
projects/projects.js,62,js,f2d1eb42,KevinMyo,2025-02-07,14:27:16,-08:00,2025-02-07T14:27:16-08:00,0,18
projects/projects.js,63,js,f2d1eb42,KevinMyo,2025-02-07,14:27:16,-08:00,2025-02-07T14:27:16-08:00,0,19
projects/projects.js,64,js,f2d1eb42,KevinMyo,2025-02-07,14:27:16,-08:00,2025-02-07T14:27:16-08:00,0,11
projects/projects.js,65,js,f2d1eb42,KevinMyo,2025-02-07,14:27:16,-08:00,2025-02-07T14:27:16-08:00,0,40
projects/projects.js,66,js,f2d1eb42,KevinMyo,2025-02-07,14:27:16,-08:00,2025-02-07T14:27:16-08:00,0,0
projects/projects.js,67,js,f2d1eb42,KevinMyo,2025-02-07,14:27:16,-08:00,2025-02-07T14:27:16-08:00,0,35
projects/projects.js,68,js,f2d1eb42,KevinMyo,2025-02-07,14:27:16,-08:00,2025-02-07T14:27:16-08:00,0,13
projects/projects.js,69,js,f2d1eb42,KevinMyo,2025-02-07,14:27:16,-08:00,2025-02-07T14:27:16-08:00,0,7
projects/projects.js,70,js,f2d1eb42,KevinMyo,2025-02-07,14:27:16,-08:00,2025-02-07T14:27:16-08:00,0,14
projects/projects.js,71,js,f2d1eb42,KevinMyo,2025-02-07,14:27:16,-08:00,2025-02-07T14:27:16-08:00,0,23
projects/projects.js,72,js,f2d1eb42,KevinMyo,2025-02-07,14:27:16,-08:00,2025-02-07T14:27:16-08:00,0,33
projects/projects.js,73,js,f2d1eb42,KevinMyo,2025-02-07,14:27:16,-08:00,2025-02-07T14:27:16-08:00,0,26
projects/projects.js,74,js,f2d1eb42,KevinMyo,2025-02-07,14:27:16,-08:00,2025-02-07T14:27:16-08:00,0,26
projects/projects.js,75,js,f2d1eb42,KevinMyo,2025-02-07,14:27:16,-08:00,2025-02-07T14:27:16-08:00,0,0
projects/projects.js,76,js,f2d1eb42,KevinMyo,2025-02-07,14:27:16,-08:00,2025-02-07T14:27:16-08:00,0,37
projects/projects.js,77,js,f2d1eb42,KevinMyo,2025-02-07,14:27:16,-08:00,2025-02-07T14:27:16-08:00,0,19
projects/projects.js,78,js,f2d1eb42,KevinMyo,2025-02-07,14:27:16,-08:00,2025-02-07T14:27:16-08:00,0,27
projects/projects.js,79,js,f2d1eb42,KevinMyo,2025-02-07,14:27:16,-08:00,2025-02-07T14:27:16-08:00,0,27
projects/projects.js,80,js,f2d1eb42,KevinMyo,2025-02-07,14:27:16,-08:00,2025-02-07T14:27:16-08:00,0,0
projects/projects.js,81,js,f2d1eb42,KevinMyo,2025-02-07,14:27:16,-08:00,2025-02-07T14:27:16-08:00,0,1
projects/projects.js,82,js,f2d1eb42,KevinMyo,2025-02-07,14:27:16,-08:00,2025-02-07T14:27:16-08:00,0,0
projects/projects.js,83,js,f2d1eb42,KevinMyo,2025-02-07,14:27:16,-08:00,2025-02-07T14:27:16-08:00,0,28
projects/projects.js,84,js,f2d1eb42,KevinMyo,2025-02-07,14:27:16,-08:00,2025-02-07T14:27:16-08:00,0,19
projects/projects.js,85,js,f2d1eb42,KevinMyo,2025-02-07,14:27:16,-08:00,2025-02-07T14:27:16-08:00,0,23
projects/projects.js,86,js,f2d1eb42,KevinMyo,2025-02-07,14:27:16,-08:00,2025-02-07T14:27:16-08:00,0,0
projects/projects.js,87,js,f2d1eb42,KevinMyo,2025-02-07,14:27:16,-08:00,2025-02-07T14:27:16-08:00,0,1
projects/projects.js,88,js,f2d1eb42,KevinMyo,2025-02-07,14:27:16,-08:00,2025-02-07T14:27:16-08:00,0,0
projects/projects.js,89,js,f2d1eb42,KevinMyo,2025-02-07,14:27:16,-08:00,2025-02-07T14:27:16-08:00,0,33
projects/projects.js,90,js,f2d1eb42,KevinMyo,2025-02-07,14:27:16,-08:00,2025-02-07T14:27:16-08:00,0,66
projects/projects.js,91,js,f2d1eb42,KevinMyo,2025-02-07,14:27:16,-08:00,2025-02-07T14:27:16-08:00,0,18
projects/projects.js,92,js,f2d1eb42,KevinMyo,2025-02-07,14:27:16,-08:00,2025-02-07T14:27:16-08:00,0,84
projects/projects.js,93,js,f2d1eb42,KevinMyo,2025-02-07,14:27:16,-08:00,2025-02-07T14:27:16-08:00,0,16
projects/projects.js,94,js,f2d1eb42,KevinMyo,2025-02-07,14:27:16,-08:00,2025-02-07T14:27:16-08:00,0,1
projects/projects.js,95,js,f2d1eb42,KevinMyo,2025-02-07,14:27:16,-08:00,2025-02-07T14:27:16-08:00,0,12
projects/projects.js,96,js,f2d1eb42,KevinMyo,2025-02-07,14:27:16,-08:00,2025-02-07T14:27:16-08:00,0,13
projects/projects.js,97,js,f2d1eb42,KevinMyo,2025-02-07,14:27:16,-08:00,2025-02-07T14:27:16-08:00,0,28
projects/projects.js,98,js,f2d1eb42,KevinMyo,2025-02-07,14:27:16,-08:00,2025-02-07T14:27:16-08:00,0,67
projects/projects.js,99,js,f2d1eb42,KevinMyo,2025-02-07,14:27:16,-08:00,2025-02-07T14:27:16-08:00,0,59
projects/projects.js,100,js,f2d1eb42,KevinMyo,2025-02-07,14:27:16,-08:00,2025-02-07T14:27:16-08:00,0,2
projects/projects.js,101,js,f2d1eb42,KevinMyo,2025-02-07,14:27:16,-08:00,2025-02-07T14:27:16-08:00,0,0
projects/projects.js,102,js,f2d1eb42,KevinMyo,2025-02-07,14:27:16,-08:00,2025-02-07T14:27:16-08:00,0,0
projects/projects.js,103,js,f2d1eb42,KevinMyo,2025-02-07,14:27:16,-08:00,2025-02-07T14:27:16-08:00,0,20
projects/projects.js,104,js,f2d1eb42,KevinMyo,2025-02-07,14:27:16,-08:00,2025-02-07T14:27:16-08:00,0,13
projects/projects.js,105,js,f2d1eb42,KevinMyo,2025-02-07,14:27:16,-08:00,2025-02-07T14:27:16-08:00,0,7
projects/projects.js,106,js,f2d1eb42,KevinMyo,2025-02-07,14:27:16,-08:00,2025-02-07T14:27:16-08:00,0,14
projects/projects.js,107,js,f2d1eb42,KevinMyo,2025-02-07,14:27:16,-08:00,2025-02-07T14:27:16-08:00,0,64
projects/projects.js,108,js,f2d1eb42,KevinMyo,2025-02-07,14:27:16,-08:00,2025-02-07T14:27:16-08:00,0,20
projects/projects.js,109,js,f2d1eb42,KevinMyo,2025-02-07,14:27:16,-08:00,2025-02-07T14:27:16-08:00,0,30
projects/projects.js,110,js,f2d1eb42,KevinMyo,2025-02-07,14:27:16,-08:00,2025-02-07T14:27:16-08:00,0,26
projects/projects.js,111,js,f2d1eb42,KevinMyo,2025-02-07,14:27:16,-08:00,2025-02-07T14:27:16-08:00,0,22
projects/projects.js,112,js,f2d1eb42,KevinMyo,2025-02-07,14:27:16,-08:00,2025-02-07T14:27:16-08:00,0,24
projects/projects.js,113,js,f2d1eb42,KevinMyo,2025-02-07,14:27:16,-08:00,2025-02-07T14:27:16-08:00,0,0
projects/projects.js,114,js,f2d1eb42,KevinMyo,2025-02-07,14:27:16,-08:00,2025-02-07T14:27:16-08:00,0,44
projects/projects.js,115,js,f2d1eb42,KevinMyo,2025-02-07,14:27:16,-08:00,2025-02-07T14:27:16-08:00,0,23
projects/projects.js,116,js,f2d1eb42,KevinMyo,2025-02-07,14:27:16,-08:00,2025-02-07T14:27:16-08:00,0,18
projects/projects.js,117,js,f2d1eb42,KevinMyo,2025-02-07,14:27:16,-08:00,2025-02-07T14:27:16-08:00,0,38
projects/projects.js,118,js,f2d1eb42,KevinMyo,2025-02-07,14:27:16,-08:00,2025-02-07T14:27:16-08:00,0,69
projects/projects.js,119,js,f2d1eb42,KevinMyo,2025-02-07,14:27:16,-08:00,2025-02-07T14:27:16-08:00,0,19
projects/projects.js,120,js,f2d1eb42,KevinMyo,2025-02-07,14:27:16,-08:00,2025-02-07T14:27:16-08:00,0,56
projects/projects.js,121,js,f2d1eb42,KevinMyo,2025-02-07,14:27:16,-08:00,2025-02-07T14:27:16-08:00,0,18
projects/projects.js,122,js,f2d1eb42,KevinMyo,2025-02-07,14:27:16,-08:00,2025-02-07T14:27:16-08:00,0,16
projects/projects.js,123,js,f2d1eb42,KevinMyo,2025-02-07,14:27:16,-08:00,2025-02-07T14:27:16-08:00,0,2
projects/projects.js,124,js,699e5528,KevinMyo,2025-01-31,14:43:46,-08:00,2025-01-31T14:43:46-08:00,0,2
projects/projects.js,125,js,699e5528,KevinMyo,2025-01-31,14:43:46,-08:00,2025-01-31T14:43:46-08:00,0,0
projects/projects.js,126,js,f2d1eb42,KevinMyo,2025-02-07,14:27:16,-08:00,2025-02-07T14:27:16-08:00,0,0
projects/projects.js,127,js,f2d1eb42,KevinMyo,2025-02-07,14:27:16,-08:00,2025-02-07T14:27:16-08:00,0,26
projects/projects.js,128,js,f2d1eb42,KevinMyo,2025-02-07,14:27:16,-08:00,2025-02-07T14:27:16-08:00,0,43
projects/projects.js,129,js,f2d1eb42,KevinMyo,2025-02-07,14:27:16,-08:00,2025-02-07T14:27:16-08:00,0,34
projects/projects.js,130,js,f2d1eb42,KevinMyo,2025-02-07,14:27:16,-08:00,2025-02-07T14:27:16-08:00,0,58
projects/projects.js,131,js,f2d1eb42,KevinMyo,2025-02-07,14:27:16,-08:00,2025-02-07T14:27:16-08:00,0,52
projects/projects.js,132,js,f2d1eb42,KevinMyo,2025-02-07,14:27:16,-08:00,2025-02-07T14:27:16-08:00,0,1
projects/projects.js,133,js,f2d1eb42,KevinMyo,2025-02-07,14:27:16,-08:00,2025-02-07T14:27:16-08:00,0,0
projects/projects.js,134,js,f2d1eb42,KevinMyo,2025-02-07,14:27:16,-08:00,2025-02-07T14:27:16-08:00,0,97
projects/projects.js,135,js,f2d1eb42,KevinMyo,2025-02-07,14:27:16,-08:00,2025-02-07T14:27:16-08:00,0,54
projects/projects.js,136,js,f2d1eb42,KevinMyo,2025-02-07,14:27:16,-08:00,2025-02-07T14:27:16-08:00,0,19
projects/projects.js,137,js,f2d1eb42,KevinMyo,2025-02-07,14:27:16,-08:00,2025-02-07T14:27:16-08:00,0,0
projects/projects.js,138,js,f2d1eb42,KevinMyo,2025-02-07,14:27:16,-08:00,2025-02-07T14:27:16-08:00,0,0
projects/projects.js,139,js,f2d1eb42,KevinMyo,2025-02-07,14:27:16,-08:00,2025-02-07T14:27:16-08:00,0,43
projects/projects.js,140,js,f2d1eb42,KevinMyo,2025-02-07,14:27:16,-08:00,2025-02-07T14:27:16-08:00,0,24
projects/projects.js,141,js,f2d1eb42,KevinMyo,2025-02-07,14:27:16,-08:00,2025-02-07T14:27:16-08:00,0,0
projects/projects.js,142,js,f2d1eb42,KevinMyo,2025-02-07,14:27:16,-08:00,2025-02-07T14:27:16-08:00,0,0
projects/projects.js,143,js,f2d1eb42,KevinMyo,2025-02-07,14:27:16,-08:00,2025-02-07T14:27:16-08:00,0,53
projects/projects.js,144,js,f2d1eb42,KevinMyo,2025-02-07,14:27:16,-08:00,2025-02-07T14:27:16-08:00,0,0
projects/projects.js,145,js,f2d1eb42,KevinMyo,2025-02-07,14:27:16,-08:00,2025-02-07T14:27:16-08:00,0,43
projects/projects.js,146,js,f2d1eb42,KevinMyo,2025-02-07,14:27:16,-08:00,2025-02-07T14:27:16-08:00,0,24
projects/projects.js,147,js,f2d1eb42,KevinMyo,2025-02-07,14:27:16,-08:00,2025-02-07T14:27:16-08:00,0,4
projects/projects.js,148,js,f2d1eb42,KevinMyo,2025-02-07,14:27:16,-08:00,2025-02-07T14:27:16-08:00,0,0
projects/projects.js,149,js,f2d1eb42,KevinMyo,2025-02-07,14:27:16,-08:00,2025-02-07T14:27:16-08:00,0,37
projects/projects.js,150,js,f2d1eb42,KevinMyo,2025-02-07,14:27:16,-08:00,2025-02-07T14:27:16-08:00,0,88
projects/projects.js,151,js,f2d1eb42,KevinMyo,2025-02-07,14:27:16,-08:00,2025-02-07T14:27:16-08:00,0,51
projects/projects.js,152,js,f2d1eb42,KevinMyo,2025-02-07,14:27:16,-08:00,2025-02-07T14:27:16-08:00,0,0
projects/index.html,1,html,8f537527,KevinMyo,2025-01-10,20:10:30,-08:00,2025-01-10T20:10:30-08:00,0,14
projects/index.html,2,html,8f537527,KevinMyo,2025-01-10,20:10:30,-08:00,2025-01-10T20:10:30-08:00,0,15
projects/index.html,3,html,8f537527,KevinMyo,2025-01-10,20:10:30,-08:00,2025-01-10T20:10:30-08:00,0,5
projects/index.html,4,html,8f537527,KevinMyo,2025-01-10,20:10:30,-08:00,2025-01-10T20:10:30-08:00,0,21
projects/index.html,5,html,8f537527,KevinMyo,2025-01-10,20:10:30,-08:00,2025-01-10T20:10:30-08:00,0,69
projects/index.html,6,html,8f537527,KevinMyo,2025-01-10,20:10:30,-08:00,2025-01-10T20:10:30-08:00,0,22
projects/index.html,7,html,ebc784d1,KevinMyo,2025-01-17,18:10:42,-08:00,2025-01-17T18:10:42-08:00,0,42
projects/index.html,8,html,00000000,Not Committed Yet,2025-02-13,17:28:08,-08:00,2025-02-13T17:28:08-08:00,0,49
projects/index.html,9,html,8f537527,KevinMyo,2025-01-10,20:10:30,-08:00,2025-01-10T20:10:30-08:00,0,6
projects/index.html,10,html,8f537527,KevinMyo,2025-01-10,20:10:30,-08:00,2025-01-10T20:10:30-08:00,0,5
projects/index.html,11,html,fbb81d2f,KevinMyo,2025-01-23,15:37:23,-08:00,2025-01-23T15:37:23-08:00,0,9
projects/index.html,12,html,5d540986,KevinMyo,2025-01-10,22:54:32,-08:00,2025-01-10T22:54:32-08:00,0,3
projects/index.html,13,html,f10b5cf4,KevinMyo,2025-01-10,23:24:52,-08:00,2025-01-10T23:24:52-08:00,0,40
projects/index.html,14,html,7ad9faee,KevinMyo,2025-01-23,15:16:53,-08:00,2025-01-23T15:16:53-08:00,0,41
projects/index.html,15,html,fbb81d2f,KevinMyo,2025-01-23,15:37:23,-08:00,2025-01-23T15:37:23-08:00,0,57
projects/index.html,16,html,2a59917a,KevinMyo,2025-01-17,18:44:12,-08:00,2025-01-17T18:44:12-08:00,0,41
projects/index.html,17,html,f10b5cf4,KevinMyo,2025-01-10,23:24:52,-08:00,2025-01-10T23:24:52-08:00,0,51
projects/index.html,18,html,5d540986,KevinMyo,2025-01-10,22:54:32,-08:00,2025-01-10T22:54:32-08:00,0,80
projects/index.html,19,html,5d540986,KevinMyo,2025-01-10,22:54:32,-08:00,2025-01-10T22:54:32-08:00,0,4
projects/index.html,20,html,fbb81d2f,KevinMyo,2025-01-23,15:37:23,-08:00,2025-01-23T15:37:23-08:00,0,9
projects/index.html,21,html,8af738cd,KevinMyo,2025-01-10,20:15:10,-08:00,2025-01-10T20:15:10-08:00,0,14
projects/index.html,22,html,1e5e934a,KevinMyo,2025-01-31,21:21:39,-08:00,2025-01-31T21:21:39-08:00,0,39
projects/index.html,23,html,f2d1eb42,KevinMyo,2025-02-07,14:27:16,-08:00,2025-02-07T14:27:16-08:00,0,28
projects/index.html,24,html,f2d1eb42,KevinMyo,2025-02-07,14:27:16,-08:00,2025-02-07T14:27:16-08:00,0,28
projects/index.html,25,html,f2d1eb42,KevinMyo,2025-02-07,14:27:16,-08:00,2025-02-07T14:27:16-08:00,0,23
projects/index.html,26,html,f2d1eb42,KevinMyo,2025-02-07,14:27:16,-08:00,2025-02-07T14:27:16-08:00,0,5
projects/index.html,27,html,f2d1eb42,KevinMyo,2025-02-07,14:27:16,-08:00,2025-02-07T14:27:16-08:00,0,0
projects/index.html,28,html,f2d1eb42,KevinMyo,2025-02-07,14:27:16,-08:00,2025-02-07T14:27:16-08:00,0,103
projects/index.html,29,html,f2d1eb42,KevinMyo,2025-02-07,14:27:16,-08:00,2025-02-07T14:27:16-08:00,0,0
projects/index.html,30,html,f2d1eb42,KevinMyo,2025-02-07,14:27:16,-08:00,2025-02-07T14:27:16-08:00,0,44
projects/index.html,31,html,f2d1eb42,KevinMyo,2025-02-07,14:27:16,-08:00,2025-02-07T14:27:16-08:00,0,0
projects/index.html,32,html,f2d1eb42,KevinMyo,2025-02-07,14:27:16,-08:00,2025-02-07T14:27:16-08:00,0,38
projects/index.html,33,html,f2d1eb42,KevinMyo,2025-02-07,14:27:16,-08:00,2025-02-07T14:27:16-08:00,0,53
projects/index.html,34,html,f2d1eb42,KevinMyo,2025-02-07,14:27:16,-08:00,2025-02-07T14:27:16-08:00,0,41
projects/index.html,35,html,f2d1eb42,KevinMyo,2025-02-07,14:27:16,-08:00,2025-02-07T14:27:16-08:00,0,5
projects/index.html,36,html,f2d1eb42,KevinMyo,2025-02-07,14:27:16,-08:00,2025-02-07T14:27:16-08:00,0,5
projects/index.html,37,html,f2d1eb42,KevinMyo,2025-02-07,14:27:16,-08:00,2025-02-07T14:27:16-08:00,0,0
projects/index.html,38,html,f2d1eb42,KevinMyo,2025-02-07,14:27:16,-08:00,2025-02-07T14:27:16-08:00,0,32
projects/index.html,39,html,f2d1eb42,KevinMyo,2025-02-07,14:27:16,-08:00,2025-02-07T14:27:16-08:00,0,33
projects/index.html,40,html,f2d1eb42,KevinMyo,2025-02-07,14:27:16,-08:00,2025-02-07T14:27:16-08:00,0,23
projects/index.html,41,html,f2d1eb42,KevinMyo,2025-02-07,14:27:16,-08:00,2025-02-07T14:27:16-08:00,0,5
projects/index.html,42,html,f2d1eb42,KevinMyo,2025-02-07,14:27:16,-08:00,2025-02-07T14:27:16-08:00,0,0
projects/index.html,43,html,f2d1eb42,KevinMyo,2025-02-07,14:27:16,-08:00,2025-02-07T14:27:16-08:00,0,9
projects/index.html,44,html,f2d1eb42,KevinMyo,2025-02-07,14:27:16,-08:00,2025-02-07T14:27:16-08:00,0,105
projects/index.html,45,html,f2d1eb42,KevinMyo,2025-02-07,14:27:16,-08:00,2025-02-07T14:27:16-08:00,0,0
projects/index.html,46,html,0b0440e7,KevinMyo,2025-01-17,21:43:06,-08:00,2025-01-17T21:43:06-08:00,0,21
projects/index.html,47,html,bd17ceb4,KevinMyo,2025-01-31,20:13:20,-08:00,2025-01-31T20:13:20-08:00,0,13
projects/index.html,48,html,711f94e9,KevinMyo,2025-01-17,19:00:57,-08:00,2025-01-17T19:00:57-08:00,0,30
projects/index.html,49,html,711f94e9,KevinMyo,2025-01-17,19:00:57,-08:00,2025-01-17T19:00:57-08:00,0,71
projects/index.html,50,html,711f94e9,KevinMyo,2025-01-17,19:00:57,-08:00,2025-01-17T19:00:57-08:00,0,224
projects/index.html,51,html,711f94e9,KevinMyo,2025-01-17,19:00:57,-08:00,2025-01-17T19:00:57-08:00,0,9
projects/index.html,52,html,711f94e9,KevinMyo,2025-01-17,19:00:57,-08:00,2025-01-17T19:00:57-08:00,0,8
projects/index.html,53,html,711f94e9,KevinMyo,2025-01-17,19:00:57,-08:00,2025-01-17T19:00:57-08:00,0,45
projects/index.html,54,html,711f94e9,KevinMyo,2025-01-17,19:00:57,-08:00,2025-01-17T19:00:57-08:00,0,71
projects/index.html,55,html,711f94e9,KevinMyo,2025-01-17,19:00:57,-08:00,2025-01-17T19:00:57-08:00,0,236
projects/index.html,56,html,711f94e9,KevinMyo,2025-01-17,19:00:57,-08:00,2025-01-17T19:00:57-08:00,0,9
projects/index.html,57,html,711f94e9,KevinMyo,2025-01-17,19:00:57,-08:00,2025-01-17T19:00:57-08:00,0,8
projects/index.html,58,html,711f94e9,KevinMyo,2025-01-17,19:00:57,-08:00,2025-01-17T19:00:57-08:00,0,43
projects/index.html,59,html,711f94e9,KevinMyo,2025-01-17,19:00:57,-08:00,2025-01-17T19:00:57-08:00,0,71
projects/index.html,60,html,711f94e9,KevinMyo,2025-01-17,19:00:57,-08:00,2025-01-17T19:00:57-08:00,0,219
projects/index.html,61,html,711f94e9,KevinMyo,2025-01-17,19:00:57,-08:00,2025-01-17T19:00:57-08:00,0,9
projects/index.html,62,html,711f94e9,KevinMyo,2025-01-17,19:00:57,-08:00,2025-01-17T19:00:57-08:00,0,8
projects/index.html,63,html,711f94e9,KevinMyo,2025-01-17,19:00:57,-08:00,2025-01-17T19:00:57-08:00,0,31
projects/index.html,64,html,711f94e9,KevinMyo,2025-01-17,19:00:57,-08:00,2025-01-17T19:00:57-08:00,0,71
projects/index.html,65,html,711f94e9,KevinMyo,2025-01-17,19:00:57,-08:00,2025-01-17T19:00:57-08:00,0,268
projects/index.html,66,html,711f94e9,KevinMyo,2025-01-17,19:00:57,-08:00,2025-01-17T19:00:57-08:00,0,9
projects/index.html,67,html,711f94e9,KevinMyo,2025-01-17,19:00:57,-08:00,2025-01-17T19:00:57-08:00,0,8
projects/index.html,68,html,711f94e9,KevinMyo,2025-01-17,19:00:57,-08:00,2025-01-17T19:00:57-08:00,0,37
projects/index.html,69,html,711f94e9,KevinMyo,2025-01-17,19:00:57,-08:00,2025-01-17T19:00:57-08:00,0,71
projects/index.html,70,html,711f94e9,KevinMyo,2025-01-17,19:00:57,-08:00,2025-01-17T19:00:57-08:00,0,253
projects/index.html,71,html,711f94e9,KevinMyo,2025-01-17,19:00:57,-08:00,2025-01-17T19:00:57-08:00,0,9
projects/index.html,72,html,711f94e9,KevinMyo,2025-01-17,19:00:57,-08:00,2025-01-17T19:00:57-08:00,0,8
projects/index.html,73,html,711f94e9,KevinMyo,2025-01-17,19:00:57,-08:00,2025-01-17T19:00:57-08:00,0,44
projects/index.html,74,html,711f94e9,KevinMyo,2025-01-17,19:00:57,-08:00,2025-01-17T19:00:57-08:00,0,71
projects/index.html,75,html,711f94e9,KevinMyo,2025-01-17,19:00:57,-08:00,2025-01-17T19:00:57-08:00,0,226
projects/index.html,76,html,711f94e9,KevinMyo,2025-01-17,19:00:57,-08:00,2025-01-17T19:00:57-08:00,0,9
projects/index.html,77,html,711f94e9,KevinMyo,2025-01-17,19:00:57,-08:00,2025-01-17T19:00:57-08:00,0,8
projects/index.html,78,html,711f94e9,KevinMyo,2025-01-17,19:00:57,-08:00,2025-01-17T19:00:57-08:00,0,42
projects/index.html,79,html,711f94e9,KevinMyo,2025-01-17,19:00:57,-08:00,2025-01-17T19:00:57-08:00,0,71
projects/index.html,80,html,711f94e9,KevinMyo,2025-01-17,19:00:57,-08:00,2025-01-17T19:00:57-08:00,0,255
projects/index.html,81,html,711f94e9,KevinMyo,2025-01-17,19:00:57,-08:00,2025-01-17T19:00:57-08:00,0,9
projects/index.html,82,html,711f94e9,KevinMyo,2025-01-17,19:00:57,-08:00,2025-01-17T19:00:57-08:00,0,8
projects/index.html,83,html,711f94e9,KevinMyo,2025-01-17,19:00:57,-08:00,2025-01-17T19:00:57-08:00,0,38
projects/index.html,84,html,711f94e9,KevinMyo,2025-01-17,19:00:57,-08:00,2025-01-17T19:00:57-08:00,0,71
projects/index.html,85,html,711f94e9,KevinMyo,2025-01-17,19:00:57,-08:00,2025-01-17T19:00:57-08:00,0,260
projects/index.html,86,html,711f94e9,KevinMyo,2025-01-17,19:00:57,-08:00,2025-01-17T19:00:57-08:00,0,9
projects/index.html,87,html,711f94e9,KevinMyo,2025-01-17,19:00:57,-08:00,2025-01-17T19:00:57-08:00,0,8
projects/index.html,88,html,711f94e9,KevinMyo,2025-01-17,19:00:57,-08:00,2025-01-17T19:00:57-08:00,0,39
projects/index.html,89,html,711f94e9,KevinMyo,2025-01-17,19:00:57,-08:00,2025-01-17T19:00:57-08:00,0,71
projects/index.html,90,html,711f94e9,KevinMyo,2025-01-17,19:00:57,-08:00,2025-01-17T19:00:57-08:00,0,248
projects/index.html,91,html,711f94e9,KevinMyo,2025-01-17,19:00:57,-08:00,2025-01-17T19:00:57-08:00,0,9
projects/index.html,92,html,711f94e9,KevinMyo,2025-01-17,19:00:57,-08:00,2025-01-17T19:00:57-08:00,0,8
projects/index.html,93,html,711f94e9,KevinMyo,2025-01-17,19:00:57,-08:00,2025-01-17T19:00:57-08:00,0,40
projects/index.html,94,html,711f94e9,KevinMyo,2025-01-17,19:00:57,-08:00,2025-01-17T19:00:57-08:00,0,71
projects/index.html,95,html,711f94e9,KevinMyo,2025-01-17,19:00:57,-08:00,2025-01-17T19:00:57-08:00,0,223
projects/index.html,96,html,711f94e9,KevinMyo,2025-01-17,19:00:57,-08:00,2025-01-17T19:00:57-08:00,0,9
projects/index.html,97,html,711f94e9,KevinMyo,2025-01-17,19:00:57,-08:00,2025-01-17T19:00:57-08:00,0,8
projects/index.html,98,html,711f94e9,KevinMyo,2025-01-17,19:00:57,-08:00,2025-01-17T19:00:57-08:00,0,50
projects/index.html,99,html,711f94e9,KevinMyo,2025-01-17,19:00:57,-08:00,2025-01-17T19:00:57-08:00,0,71
projects/index.html,100,html,711f94e9,KevinMyo,2025-01-17,19:00:57,-08:00,2025-01-17T19:00:57-08:00,0,271
projects/index.html,101,html,711f94e9,KevinMyo,2025-01-17,19:00:57,-08:00,2025-01-17T19:00:57-08:00,0,9
projects/index.html,102,html,711f94e9,KevinMyo,2025-01-17,19:00:57,-08:00,2025-01-17T19:00:57-08:00,0,8
projects/index.html,103,html,711f94e9,KevinMyo,2025-01-17,19:00:57,-08:00,2025-01-17T19:00:57-08:00,0,34
projects/index.html,104,html,711f94e9,KevinMyo,2025-01-17,19:00:57,-08:00,2025-01-17T19:00:57-08:00,0,71
projects/index.html,105,html,711f94e9,KevinMyo,2025-01-17,19:00:57,-08:00,2025-01-17T19:00:57-08:00,0,241
projects/index.html,106,html,bd17ceb4,KevinMyo,2025-01-31,20:13:20,-08:00,2025-01-31T20:13:20-08:00,0,13
projects/index.html,107,html,0b0440e7,KevinMyo,2025-01-17,21:43:06,-08:00,2025-01-17T21:43:06-08:00,0,5
projects/index.html,108,html,1e5e934a,KevinMyo,2025-01-31,21:21:39,-08:00,2025-01-31T21:21:39-08:00,0,49
projects/index.html,109,html,1e5e934a,KevinMyo,2025-01-31,21:21:39,-08:00,2025-01-31T21:21:39-08:00,0,48
projects/index.html,110,html,8f537527,KevinMyo,2025-01-10,20:10:30,-08:00,2025-01-10T20:10:30-08:00,0,6
projects/index.html,111,html,8f537527,KevinMyo,2025-01-10,20:10:30,-08:00,2025-01-10T20:10:30-08:00,0,6
contact/index.html,1,html,8f537527,KevinMyo,2025-01-10,20:10:30,-08:00,2025-01-10T20:10:30-08:00,0,14
contact/index.html,2,html,8f537527,KevinMyo,2025-01-10,20:10:30,-08:00,2025-01-10T20:10:30-08:00,0,15
contact/index.html,3,html,8f537527,KevinMyo,2025-01-10,20:10:30,-08:00,2025-01-10T20:10:30-08:00,0,5
contact/index.html,4,html,8f537527,KevinMyo,2025-01-10,20:10:30,-08:00,2025-01-10T20:10:30-08:00,0,21
contact/index.html,5,html,8f537527,KevinMyo,2025-01-10,20:10:30,-08:00,2025-01-10T20:10:30-08:00,0,69
contact/index.html,6,html,8f537527,KevinMyo,2025-01-10,20:10:30,-08:00,2025-01-10T20:10:30-08:00,0,21
contact/index.html,7,html,ebc784d1,KevinMyo,2025-01-17,18:10:42,-08:00,2025-01-17T18:10:42-08:00,0,42
contact/index.html,8,html,7ad9faee,KevinMyo,2025-01-23,15:16:53,-08:00,2025-01-23T15:16:53-08:00,0,49
contact/index.html,9,html,8f537527,KevinMyo,2025-01-10,20:10:30,-08:00,2025-01-10T20:10:30-08:00,0,6
contact/index.html,10,html,8f537527,KevinMyo,2025-01-10,20:10:30,-08:00,2025-01-10T20:10:30-08:00,0,5
contact/index.html,11,html,fbb81d2f,KevinMyo,2025-01-23,15:37:23,-08:00,2025-01-23T15:37:23-08:00,0,9
contact/index.html,12,html,5d540986,KevinMyo,2025-01-10,22:54:32,-08:00,2025-01-10T22:54:32-08:00,0,3
contact/index.html,13,html,f10b5cf4,KevinMyo,2025-01-10,23:24:52,-08:00,2025-01-10T23:24:52-08:00,0,40
contact/index.html,14,html,f10b5cf4,KevinMyo,2025-01-10,23:24:52,-08:00,2025-01-10T23:24:52-08:00,0,53
contact/index.html,15,html,2a59917a,KevinMyo,2025-01-17,18:44:12,-08:00,2025-01-17T18:44:12-08:00,0,41
contact/index.html,16,html,7ad9faee,KevinMyo,2025-01-23,15:16:53,-08:00,2025-01-23T15:16:53-08:00,0,40
contact/index.html,17,html,fbb81d2f,KevinMyo,2025-01-23,15:37:23,-08:00,2025-01-23T15:37:23-08:00,0,56
contact/index.html,18,html,5d540986,KevinMyo,2025-01-10,22:54:32,-08:00,2025-01-10T22:54:32-08:00,0,80
contact/index.html,19,html,5d540986,KevinMyo,2025-01-10,22:54:32,-08:00,2025-01-10T22:54:32-08:00,0,4
contact/index.html,20,html,fbb81d2f,KevinMyo,2025-01-23,15:37:23,-08:00,2025-01-23T15:37:23-08:00,0,9
contact/index.html,21,html,4b5cdab6,KevinMyo,2025-01-10,22:12:54,-08:00,2025-01-10T22:12:54-08:00,0,7
contact/index.html,22,html,4b5cdab6,KevinMyo,2025-01-10,22:12:54,-08:00,2025-01-10T22:12:54-08:00,0,18
contact/index.html,23,html,ebc784d1,KevinMyo,2025-01-17,18:10:42,-08:00,2025-01-17T18:10:42-08:00,0,8
contact/index.html,24,html,1c777b6b,KevinMyo,2025-01-10,20:31:40,-08:00,2025-01-10T20:31:40-08:00,0,13
contact/index.html,25,html,1c777b6b,KevinMyo,2025-01-10,20:31:40,-08:00,2025-01-10T20:31:40-08:00,0,50
contact/index.html,26,html,1c777b6b,KevinMyo,2025-01-10,20:31:40,-08:00,2025-01-10T20:31:40-08:00,0,70
contact/index.html,27,html,1c777b6b,KevinMyo,2025-01-10,20:31:40,-08:00,2025-01-10T20:31:40-08:00,0,37
contact/index.html,28,html,1c777b6b,KevinMyo,2025-01-10,20:31:40,-08:00,2025-01-10T20:31:40-08:00,0,80
contact/index.html,29,html,1c777b6b,KevinMyo,2025-01-10,20:31:40,-08:00,2025-01-10T20:31:40-08:00,0,7
contact/index.html,30,html,1c777b6b,KevinMyo,2025-01-10,20:31:40,-08:00,2025-01-10T20:31:40-08:00,0,0
contact/index.html,31,html,2a59917a,KevinMyo,2025-01-17,18:44:12,-08:00,2025-01-17T18:44:12-08:00,0,36
contact/index.html,32,html,2a59917a,KevinMyo,2025-01-17,18:44:12,-08:00,2025-01-17T18:44:12-08:00,0,53
contact/index.html,33,html,e632bbb3,KevinMyo,2025-01-17,18:17:14,-08:00,2025-01-17T18:17:14-08:00,0,7
contact/index.html,34,html,e632bbb3,KevinMyo,2025-01-17,18:17:14,-08:00,2025-01-17T18:17:14-08:00,0,0
contact/index.html,35,html,1c777b6b,KevinMyo,2025-01-10,20:31:40,-08:00,2025-01-10T20:31:40-08:00,0,33
contact/index.html,36,html,1c777b6b,KevinMyo,2025-01-10,20:31:40,-08:00,2025-01-10T20:31:40-08:00,0,54
contact/index.html,37,html,1c777b6b,KevinMyo,2025-01-10,20:31:40,-08:00,2025-01-10T20:31:40-08:00,0,7
contact/index.html,38,html,1c777b6b,KevinMyo,2025-01-10,20:31:40,-08:00,2025-01-10T20:31:40-08:00,0,0
contact/index.html,39,html,1c777b6b,KevinMyo,2025-01-10,20:31:40,-08:00,2025-01-10T20:31:40-08:00,0,34
contact/index.html,40,html,1c777b6b,KevinMyo,2025-01-10,20:31:40,-08:00,2025-01-10T20:31:40-08:00,0,6
contact/index.html,41,html,8f537527,KevinMyo,2025-01-10,20:10:30,-08:00,2025-01-10T20:10:30-08:00,0,6
contact/index.html,42,html,8f537527,KevinMyo,2025-01-10,20:10:30,-08:00,2025-01-10T20:10:30-08:00,0,6
CV/index.html,1,html,5885c39a,KevinMyo,2025-01-17,18:24:51,-08:00,2025-01-17T18:24:51-08:00,0,14
CV/index.html,2,html,5885c39a,KevinMyo,2025-01-17,18:24:51,-08:00,2025-01-17T18:24:51-08:00,0,15
CV/index.html,3,html,5885c39a,KevinMyo,2025-01-17,18:24:51,-08:00,2025-01-17T18:24:51-08:00,0,5
CV/index.html,4,html,5885c39a,KevinMyo,2025-01-17,18:24:51,-08:00,2025-01-17T18:24:51-08:00,0,21
CV/index.html,5,html,5885c39a,KevinMyo,2025-01-17,18:24:51,-08:00,2025-01-17T18:24:51-08:00,0,69
CV/index.html,6,html,5885c39a,KevinMyo,2025-01-17,18:24:51,-08:00,2025-01-17T18:24:51-08:00,0,16
CV/index.html,7,html,5885c39a,KevinMyo,2025-01-17,18:24:51,-08:00,2025-01-17T18:24:51-08:00,0,42
CV/index.html,8,html,7ad9faee,KevinMyo,2025-01-23,15:16:53,-08:00,2025-01-23T15:16:53-08:00,0,49
CV/index.html,9,html,5885c39a,KevinMyo,2025-01-17,18:24:51,-08:00,2025-01-17T18:24:51-08:00,0,6
CV/index.html,10,html,5885c39a,KevinMyo,2025-01-17,18:24:51,-08:00,2025-01-17T18:24:51-08:00,0,5
CV/index.html,11,html,fbb81d2f,KevinMyo,2025-01-23,15:37:23,-08:00,2025-01-23T15:37:23-08:00,0,9
CV/index.html,12,html,5885c39a,KevinMyo,2025-01-17,18:24:51,-08:00,2025-01-17T18:24:51-08:00,0,3
CV/index.html,13,html,5885c39a,KevinMyo,2025-01-17,18:24:51,-08:00,2025-01-17T18:24:51-08:00,0,40
CV/index.html,14,html,5885c39a,KevinMyo,2025-01-17,18:24:51,-08:00,2025-01-17T18:24:51-08:00,0,53
CV/index.html,15,html,7ad9faee,KevinMyo,2025-01-23,15:16:53,-08:00,2025-01-23T15:16:53-08:00,0,35
CV/index.html,16,html,fbb81d2f,KevinMyo,2025-01-23,15:37:23,-08:00,2025-01-23T15:37:23-08:00,0,51
CV/index.html,17,html,5885c39a,KevinMyo,2025-01-17,18:24:51,-08:00,2025-01-17T18:24:51-08:00,0,51
CV/index.html,18,html,5885c39a,KevinMyo,2025-01-17,18:24:51,-08:00,2025-01-17T18:24:51-08:00,0,80
CV/index.html,19,html,5885c39a,KevinMyo,2025-01-17,18:24:51,-08:00,2025-01-17T18:24:51-08:00,0,4
CV/index.html,20,html,fbb81d2f,KevinMyo,2025-01-23,15:37:23,-08:00,2025-01-23T15:37:23-08:00,0,9
CV/index.html,21,html,5885c39a,KevinMyo,2025-01-17,18:24:51,-08:00,2025-01-17T18:24:51-08:00,0,12
CV/index.html,22,html,5885c39a,KevinMyo,2025-01-17,18:24:51,-08:00,2025-01-17T18:24:51-08:00,0,8
CV/index.html,23,html,5885c39a,KevinMyo,2025-01-17,18:24:51,-08:00,2025-01-17T18:24:51-08:00,0,17
CV/index.html,24,html,5885c39a,KevinMyo,2025-01-17,18:24:51,-08:00,2025-01-17T18:24:51-08:00,0,23
CV/index.html,25,html,5885c39a,KevinMyo,2025-01-17,18:24:51,-08:00,2025-01-17T18:24:51-08:00,0,9
CV/index.html,26,html,5885c39a,KevinMyo,2025-01-17,18:24:51,-08:00,2025-01-17T18:24:51-08:00,0,54
CV/index.html,27,html,5885c39a,KevinMyo,2025-01-17,18:24:51,-08:00,2025-01-17T18:24:51-08:00,0,6
CV/index.html,28,html,5885c39a,KevinMyo,2025-01-17,18:24:51,-08:00,2025-01-17T18:24:51-08:00,0,6
